<?xml version="1.0" encoding="utf-8"?><?xml-stylesheet href="current.xsl" type="text/xsl" ?><rss version="2.0" xmlns:atom="http://www.w3.org/2005/Atom">
  <channel>
    <title>Current Weather</title>
    <link>
    https://www.weather.gov.hk/en/wxinfo/currwx/current.htm</link>
    <description>Current Weather</description>
    <language>en-us</language>
    <copyright>The content available in this file, including but
    not limited to all text, graphics, drawings, diagrams,
    photographs and compilation of data or other materials are
    protected by copyright. The Government of the Hong Kong Special
    Administrative Region is the owner of all copyright works
    contained in this website.</copyright>
    <image>
      <title>Current Weather</title>
      <link>https://www.weather.gov.hk/en/wxinfo/currwx/current.htm</link>
	  <url>https://rss.weather.gov.hk/img/hko_logo.gif</url>
      <width>80</width>
      <height>54</height>
    </image>
	<atom:link href="https://rss.weather.gov.hk/rss/CurrentWeather.xml" rel="self" type="application/rss+xml" />
    <item>
       <author>hkowm@hko.gov.hk (Hong Kong Observatory)</author>
	  <guid isPermaLink="false">
      http://rss.weather.gov.hk/rss/CurrentWeather/20240905230200</guid>
<pubDate>Thu, 05 Sep 2024 15:02:00 GMT</pubDate>      <title>Bulletin updated at 23:02 HKT 05/09/2024</title>
      <category>R</category>
      <link>
      https://www.weather.gov.hk/en/wxinfo/currwx/current.htm</link>
        <description>
        <![CDATA[
         <img src="https://rss.weather.gov.hk/img/pic64.png" style="vertical-align: middle;">        <p>At 
        11 p.m. 
               at the Hong Kong Observatory :<br/>
        Air temperature : 27 degrees Celsius<br/>
        Relative Humidity : 92 per cent<br/>
		 																		    																									<br/><font color="red"><SPAN id='warning_message' >Please be reminded that:<br/>The Tropical Cyclone Signal No. 8 has been issued.<br/>The Amber Rainstorm Warning Signal has been issued.<br/>The Thunderstorm Warning has been issued. It will remain effective until 1:30 a.m. tomorrow. Squally thunderstorms are expected to occur over Hong Kong.<br/></SPAN><br/>		</font>                The air temperatures at other places were:
                <br/>
                <font size="-1">
    <table border="0" cellspacing="0" cellpadding="0">
    <tr><td><font size="-1">Hong Kong Observatory</font></td><td width="100" align="right"><font size="-1">27 degrees ;</font></td></tr>
    <tr><td><font size="-1">King's Park</font></td><td width="100" align="right"><font size="-1">26 degrees ;</font></td></tr>
    <tr><td><font size="-1">Wong Chuk Hang</font></td><td width="100" align="right"><font size="-1">27 degrees ;</font></td></tr>
    <tr><td><font size="-1">Ta Kwu Ling</font></td><td width="100" align="right"><font size="-1">29 degrees ;</font></td></tr>
    <tr><td><font size="-1">Lau Fau Shan</font></td><td width="100" align="right"><font size="-1">27 degrees ;</font></td></tr>
    <tr><td><font size="-1">Tai Po</font></td><td width="100" align="right"><font size="-1">28 degrees ;</font></td></tr>
    <tr><td><font size="-1">Sha Tin</font></td><td width="100" align="right"><font size="-1">27 degrees ;</font></td></tr>
    <tr><td><font size="-1">Tuen Mun</font></td><td width="100" align="right"><font size="-1">27 degrees ;</font></td></tr>
    <tr><td><font size="-1">Tseung Kwan O</font></td><td width="100" align="right"><font size="-1">26 degrees ;</font></td></tr>
    <tr><td><font size="-1">Sai Kung</font></td><td width="100" align="right"><font size="-1">27 degrees ;</font></td></tr>
    <tr><td><font size="-1">Cheung Chau</font></td><td width="100" align="right"><font size="-1">25 degrees ;</font></td></tr>
    <tr><td><font size="-1">Chek Lap Kok</font></td><td width="100" align="right"><font size="-1">26 degrees ;</font></td></tr>
    <tr><td><font size="-1">Tsing Yi</font></td><td width="100" align="right"><font size="-1">26 degrees ;</font></td></tr>
    <tr><td><font size="-1">Shek Kong</font></td><td width="100" align="right"><font size="-1">29 degrees ;</font></td></tr>
    <tr><td><font size="-1">Tsuen Wan Ho Koon</font></td><td width="100" align="right"><font size="-1">25 degrees ;</font></td></tr>
    <tr><td><font size="-1">Tsuen Wan Shing Mun Valley</font></td><td width="100" align="right"><font size="-1">25 degrees ;</font></td></tr>
    <tr><td><font size="-1">Hong Kong Park</font></td><td width="100" align="right"><font size="-1">26 degrees ;</font></td></tr>
    <tr><td><font size="-1">Shau Kei Wan</font></td><td width="100" align="right"><font size="-1">25 degrees ;</font></td></tr>
    <tr><td><font size="-1">Kowloon City</font></td><td width="100" align="right"><font size="-1">25 degrees ;</font></td></tr>
    <tr><td><font size="-1">Happy Valley</font></td><td width="100" align="right"><font size="-1">27 degrees ;</font></td></tr>
    <tr><td><font size="-1">Wong Tai Sin</font></td><td width="100" align="right"><font size="-1">26 degrees ;</font></td></tr>
    <tr><td><font size="-1">Stanley</font></td><td width="100" align="right"><font size="-1">26 degrees ;</font></td></tr>
    <tr><td><font size="-1">Kwun Tong</font></td><td width="100" align="right"><font size="-1">25 degrees ;</font></td></tr>
    <tr><td><font size="-1">Sham Shui Po</font></td><td width="100" align="right"><font size="-1">26 degrees ;</font></td></tr>
    <tr><td><font size="-1">Kai Tak Runway Park</font></td><td width="100" align="right"><font size="-1">26 degrees ;</font></td></tr>
    <tr><td><font size="-1">Yuen Long Park</font></td><td width="100" align="right"><font size="-1">29 degrees ;</font></td></tr>
    <tr><td><font size="-1">Tai Mei Tuk</font></td><td width="100" align="right"><font size="-1">27 degrees .</font></td></tr>
    </table></font></p>
Between 9:45 and 10:45 p.m., lightning was detected over all regions. The rainfall recorded in various regions were:<br/><br/>    <table border="0" cellspacing="0" cellpadding="0">
                <tr><td>Wong Tai Sin</td><td width="100" align="right">9 to 16&nbsp;mm;</td></tr>
            <tr><td>Sham Shui Po</td><td width="100" align="right">9 to 12&nbsp;mm;</td></tr>
            <tr><td>Yau Tsim Mong</td><td width="100" align="right">9 to 12&nbsp;mm;</td></tr>
            <tr><td>Tsuen Wan</td><td width="100" align="right">5 to 10&nbsp;mm;</td></tr>
            <tr><td>Islands District</td><td width="100" align="right">4 to 20&nbsp;mm;</td></tr>
            <tr><td>Kwai Tsing</td><td width="100" align="right">3 to 11&nbsp;mm;</td></tr>
            <tr><td>Sai Kung</td><td width="100" align="right">2 to 24&nbsp;mm;</td></tr>
            <tr><td>Kwun Tong</td><td width="100" align="right">15 to 21&nbsp;mm;</td></tr>
            <tr><td>Eastern District</td><td width="100" align="right">12 to 22&nbsp;mm;</td></tr>
            <tr><td>Central & Western District</td><td width="100" align="right">11 to 20&nbsp;mm;</td></tr>
            <tr><td>Southern District</td><td width="100" align="right">11 to 17&nbsp;mm;</td></tr>
            <tr><td>Kowloon City</td><td width="100" align="right">11 to 14&nbsp;mm;</td></tr>
            <tr><td>Tuen Mun</td><td width="100" align="right">1 to 8&nbsp;mm;</td></tr>
            <tr><td>Sha Tin</td><td width="100" align="right">1 to 11&nbsp;mm;</td></tr>
            <tr><td>Yuen Long</td><td width="100" align="right">0 to 8&nbsp;mm;</td></tr>
            <tr><td>Tai Po</td><td width="100" align="right">0 to 3&nbsp;mm;</td></tr>
            <tr><td>Wan Chai</td><td width="100" align="right">0 to 22&nbsp;mm.</td></tr>
        </table><br/>
Here is the information on Super Typhoon Yagi at 11 p.m.:
<br/>Location: 19.4 degrees north, 113.7 degrees east; Maximum sustained wind near its centre: 210 km/h.<br/><br/>        ]]>
        </description>
    </item>
  </channel>
</rss>