<?xml version="1.0" encoding="utf-8"?><?xml-stylesheet href="current.xsl" type="text/xsl" ?><rss version="2.0" xmlns:atom="http://www.w3.org/2005/Atom">
  <channel>
    <title>Current Weather</title>
    <link>
    https://www.weather.gov.hk/en/wxinfo/currwx/current.htm</link>
    <description>Current Weather</description>
    <language>en-us</language>
    <copyright>The content available in this file, including but
    not limited to all text, graphics, drawings, diagrams,
    photographs and compilation of data or other materials are
    protected by copyright. The Government of the Hong Kong Special
    Administrative Region is the owner of all copyright works
    contained in this website.</copyright>
    <image>
      <title>Current Weather</title>
      <link>https://www.weather.gov.hk/en/wxinfo/currwx/current.htm</link>
	  <url>https://rss.weather.gov.hk/img/hko_logo.gif</url>
      <width>80</width>
      <height>54</height>
    </image>
	<atom:link href="https://rss.weather.gov.hk/rss/CurrentWeather.xml" rel="self" type="application/rss+xml" />
    <item>
       <author>hkowm@hko.gov.hk (Hong Kong Observatory)</author>
	  <guid isPermaLink="false">
      http://rss.weather.gov.hk/rss/CurrentWeather/20240903170200</guid>
<pubDate>Tue, 03 Sep 2024 09:02:00 GMT</pubDate>      <title>Bulletin updated at 17:02 HKT 03/09/2024</title>
      <category>R</category>
      <link>
      https://www.weather.gov.hk/en/wxinfo/currwx/current.htm</link>
        <description>
        <![CDATA[
         <img src="https://rss.weather.gov.hk/img/pic51.png" style="vertical-align: middle;">        <p>At 
        5 p.m. 
               at the Hong Kong Observatory :<br/>
        Air temperature : 33 degrees Celsius<br/>
        Relative Humidity : 69 per cent<br/>
        During the past hour
        the mean UV Index recorded at King's Park : 1<br/>
        Intensity of UV radiation : low<br/>        		 								<br/>		In the past few hours, Tropical Cyclone Yagi to the west of Luzon has intensified. The Observatory will issue the Standby Signal, No. 1 at 5:40 pm. With Yagi moving across the northern part of the South China Sea, gradually edging closer to the vicinity of the western coast of Guangdong and Hainan Island and further intensifying in the next couple of days, winds over the coast of southern China are expected to strengthen later this week. The chance of issuing the Strong Wind Signal, No. 3 is relatively high. Under the influence of Yagi, the weather over the coast of Guangdong will deteriorate in the latter part of this week. There will be heavy squally showers and seas will be rough with swells. Members of the public should take note of the latest weather forecast.<br/>								    																									<br/><font color="red"><SPAN id='warning_message' >Please be reminded that:<br/>The Very Hot Weather Warning is now in force. Prolonged heat alert! Please drink sufficient water. If feeling unwell, take rest or seek help immediately. If needed, seek medical advice as soon as possible.<br/></SPAN><br/>		</font>                The air temperatures at other places were:
                <br/>
                <font size="-1">
    <table border="0" cellspacing="0" cellpadding="0">
    <tr><td><font size="-1">Hong Kong Observatory</font></td><td width="100" align="right"><font size="-1">33 degrees ;</font></td></tr>
    <tr><td><font size="-1">King's Park</font></td><td width="100" align="right"><font size="-1">33 degrees ;</font></td></tr>
    <tr><td><font size="-1">Wong Chuk Hang</font></td><td width="100" align="right"><font size="-1">32 degrees ;</font></td></tr>
    <tr><td><font size="-1">Ta Kwu Ling</font></td><td width="100" align="right"><font size="-1">34 degrees ;</font></td></tr>
    <tr><td><font size="-1">Lau Fau Shan</font></td><td width="100" align="right"><font size="-1">33 degrees ;</font></td></tr>
    <tr><td><font size="-1">Tai Po</font></td><td width="100" align="right"><font size="-1">33 degrees ;</font></td></tr>
    <tr><td><font size="-1">Sha Tin</font></td><td width="100" align="right"><font size="-1">34 degrees ;</font></td></tr>
    <tr><td><font size="-1">Tuen Mun</font></td><td width="100" align="right"><font size="-1">33 degrees ;</font></td></tr>
    <tr><td><font size="-1">Tseung Kwan O</font></td><td width="100" align="right"><font size="-1">31 degrees ;</font></td></tr>
    <tr><td><font size="-1">Sai Kung</font></td><td width="100" align="right"><font size="-1">31 degrees ;</font></td></tr>
    <tr><td><font size="-1">Cheung Chau</font></td><td width="100" align="right"><font size="-1">31 degrees ;</font></td></tr>
    <tr><td><font size="-1">Chek Lap Kok</font></td><td width="100" align="right"><font size="-1">34 degrees ;</font></td></tr>
    <tr><td><font size="-1">Tsing Yi</font></td><td width="100" align="right"><font size="-1">31 degrees ;</font></td></tr>
    <tr><td><font size="-1">Shek Kong</font></td><td width="100" align="right"><font size="-1">33 degrees ;</font></td></tr>
    <tr><td><font size="-1">Tsuen Wan Ho Koon</font></td><td width="100" align="right"><font size="-1">30 degrees ;</font></td></tr>
    <tr><td><font size="-1">Tsuen Wan Shing Mun Valley</font></td><td width="100" align="right"><font size="-1">33 degrees ;</font></td></tr>
    <tr><td><font size="-1">Hong Kong Park</font></td><td width="100" align="right"><font size="-1">31 degrees ;</font></td></tr>
    <tr><td><font size="-1">Shau Kei Wan</font></td><td width="100" align="right"><font size="-1">31 degrees ;</font></td></tr>
    <tr><td><font size="-1">Kowloon City</font></td><td width="100" align="right"><font size="-1">34 degrees ;</font></td></tr>
    <tr><td><font size="-1">Happy Valley</font></td><td width="100" align="right"><font size="-1">33 degrees ;</font></td></tr>
    <tr><td><font size="-1">Wong Tai Sin</font></td><td width="100" align="right"><font size="-1">33 degrees ;</font></td></tr>
    <tr><td><font size="-1">Stanley</font></td><td width="100" align="right"><font size="-1">32 degrees ;</font></td></tr>
    <tr><td><font size="-1">Kwun Tong</font></td><td width="100" align="right"><font size="-1">32 degrees ;</font></td></tr>
    <tr><td><font size="-1">Sham Shui Po</font></td><td width="100" align="right"><font size="-1">32 degrees ;</font></td></tr>
    <tr><td><font size="-1">Kai Tak Runway Park</font></td><td width="100" align="right"><font size="-1">32 degrees ;</font></td></tr>
    <tr><td><font size="-1">Yuen Long Park</font></td><td width="100" align="right"><font size="-1">33 degrees ;</font></td></tr>
    <tr><td><font size="-1">Tai Mei Tuk</font></td><td width="100" align="right"><font size="-1">32 degrees .</font></td></tr>
    </table></font></p>
Here is the information on Severe Tropical Storm Yagi at 4 p.m.:
<br/>Location: 18.6 degrees north, 119.0 degrees east.<br/><br/>        ]]>
        </description>
    </item>
  </channel>
</rss>