<?xml version="1.0" encoding="utf-8"?><?xml-stylesheet href="current.xsl" type="text/xsl" ?><rss version="2.0" xmlns:atom="http://www.w3.org/2005/Atom">
  <channel>
    <title>Current Weather</title>
    <link>
    https://www.weather.gov.hk/en/wxinfo/currwx/current.htm</link>
    <description>Current Weather</description>
    <language>en-us</language>
    <copyright>The content available in this file, including but
    not limited to all text, graphics, drawings, diagrams,
    photographs and compilation of data or other materials are
    protected by copyright. The Government of the Hong Kong Special
    Administrative Region is the owner of all copyright works
    contained in this website.</copyright>
    <image>
      <title>Current Weather</title>
      <link>https://www.weather.gov.hk/en/wxinfo/currwx/current.htm</link>
	  <url>https://rss.weather.gov.hk/img/hko_logo.gif</url>
      <width>80</width>
      <height>54</height>
    </image>
	<atom:link href="https://rss.weather.gov.hk/rss/CurrentWeather.xml" rel="self" type="application/rss+xml" />
    <item>
       <author>hkowm@hko.gov.hk (Hong Kong Observatory)</author>
	  <guid isPermaLink="false">
      http://rss.weather.gov.hk/rss/CurrentWeather/20240921130500</guid>
<pubDate>Sat, 21 Sep 2024 05:05:00 GMT</pubDate>      <title>Bulletin updated at 13:05 HKT 21/09/2024</title>
      <category>R</category>
      <link>
      https://www.weather.gov.hk/en/wxinfo/currwx/current.htm</link>
        <description>
        <![CDATA[
         <img src="https://rss.weather.gov.hk/img/pic64.png" style="vertical-align: middle;">        <p>At 
        1 p.m. 
               at the Hong Kong Observatory :<br/>
        Air temperature : 26 degrees Celsius<br/>
        Relative Humidity : 96 per cent<br/>
        During the past hour
        the mean UV Index recorded at King's Park : 0.3<br/>
        Intensity of UV radiation : low<br/>        		 								<br/>		A broad trough of low pressure over the northern part of the South China Sea is bringing heavy showers and squally thunderstorms to the coast of Guangdong. An area of low pressure over the trough has already entered the eastern part of Hong Kong. Under the influence of its associated band of thundery showers, winds will be occasionally strong over parts of the territory. However, its sustained winds and convections are relatively weak generally. It has not yet reached the intensity of a tropical cyclone. The area of low pressure is currently located at around 20 kilometres east-northeast of the Hong Kong Observatory. It is expected to maintain a relatively weak system and may move west across Hong Kong. The Observatory will closely monitor its possible development and movement. Members of the public please take note of the latest weather information.<br/>								    																									<br/><font color="red"><SPAN id='warning_message' >Please be reminded that:<br/>The Red Rainstorm Warning Signal has been issued.<br/>The Thunderstorm Warning has been issued. It will remain effective until 2:30 p.m. today. Squally thunderstorms are expected to occur over Hong Kong.<br/></SPAN><br/>		</font>                The air temperatures at other places were:
                <br/>
                <font size="-1">
    <table border="0" cellspacing="0" cellpadding="0">
    <tr><td><font size="-1">Hong Kong Observatory</font></td><td width="100" align="right"><font size="-1">26 degrees ;</font></td></tr>
    <tr><td><font size="-1">King's Park</font></td><td width="100" align="right"><font size="-1">26 degrees ;</font></td></tr>
    <tr><td><font size="-1">Wong Chuk Hang</font></td><td width="100" align="right"><font size="-1">26 degrees ;</font></td></tr>
    <tr><td><font size="-1">Ta Kwu Ling</font></td><td width="100" align="right"><font size="-1">28 degrees ;</font></td></tr>
    <tr><td><font size="-1">Lau Fau Shan</font></td><td width="100" align="right"><font size="-1">26 degrees ;</font></td></tr>
    <tr><td><font size="-1">Tai Po</font></td><td width="100" align="right"><font size="-1">27 degrees ;</font></td></tr>
    <tr><td><font size="-1">Sha Tin</font></td><td width="100" align="right"><font size="-1">27 degrees ;</font></td></tr>
    <tr><td><font size="-1">Tuen Mun</font></td><td width="100" align="right"><font size="-1">26 degrees ;</font></td></tr>
    <tr><td><font size="-1">Tseung Kwan O</font></td><td width="100" align="right"><font size="-1">26 degrees ;</font></td></tr>
    <tr><td><font size="-1">Sai Kung</font></td><td width="100" align="right"><font size="-1">27 degrees ;</font></td></tr>
    <tr><td><font size="-1">Cheung Chau</font></td><td width="100" align="right"><font size="-1">26 degrees ;</font></td></tr>
    <tr><td><font size="-1">Chek Lap Kok</font></td><td width="100" align="right"><font size="-1">26 degrees ;</font></td></tr>
    <tr><td><font size="-1">Tsing Yi</font></td><td width="100" align="right"><font size="-1">26 degrees ;</font></td></tr>
    <tr><td><font size="-1">Shek Kong</font></td><td width="100" align="right"><font size="-1">26 degrees ;</font></td></tr>
    <tr><td><font size="-1">Tsuen Wan Ho Koon</font></td><td width="100" align="right"><font size="-1">25 degrees ;</font></td></tr>
    <tr><td><font size="-1">Tsuen Wan Shing Mun Valley</font></td><td width="100" align="right"><font size="-1">26 degrees ;</font></td></tr>
    <tr><td><font size="-1">Hong Kong Park</font></td><td width="100" align="right"><font size="-1">26 degrees ;</font></td></tr>
    <tr><td><font size="-1">Shau Kei Wan</font></td><td width="100" align="right"><font size="-1">26 degrees ;</font></td></tr>
    <tr><td><font size="-1">Kowloon City</font></td><td width="100" align="right"><font size="-1">25 degrees ;</font></td></tr>
    <tr><td><font size="-1">Happy Valley</font></td><td width="100" align="right"><font size="-1">27 degrees ;</font></td></tr>
    <tr><td><font size="-1">Wong Tai Sin</font></td><td width="100" align="right"><font size="-1">26 degrees ;</font></td></tr>
    <tr><td><font size="-1">Stanley</font></td><td width="100" align="right"><font size="-1">26 degrees ;</font></td></tr>
    <tr><td><font size="-1">Kwun Tong</font></td><td width="100" align="right"><font size="-1">26 degrees ;</font></td></tr>
    <tr><td><font size="-1">Sham Shui Po</font></td><td width="100" align="right"><font size="-1">26 degrees ;</font></td></tr>
    <tr><td><font size="-1">Kai Tak Runway Park</font></td><td width="100" align="right"><font size="-1">26 degrees ;</font></td></tr>
    <tr><td><font size="-1">Yuen Long Park</font></td><td width="100" align="right"><font size="-1">27 degrees ;</font></td></tr>
    <tr><td><font size="-1">Tai Mei Tuk</font></td><td width="100" align="right"><font size="-1">26 degrees .</font></td></tr>
    </table></font></p>
Between 11:45 a.m. and 12:45 p.m., lightning was detected over all regions. The rainfall recorded in various regions were:<br/><br/>    <table border="0" cellspacing="0" cellpadding="0">
                <tr><td>Islands District</td><td width="100" align="right">7 to 57&nbsp;mm;</td></tr>
            <tr><td>Sai Kung</td><td width="100" align="right">6 to 22&nbsp;mm;</td></tr>
            <tr><td>Central & Western District</td><td width="100" align="right">30 to 37&nbsp;mm;</td></tr>
            <tr><td>Sham Shui Po</td><td width="100" align="right">30 to 34&nbsp;mm;</td></tr>
            <tr><td>Sha Tin</td><td width="100" align="right">3 to 23&nbsp;mm;</td></tr>
            <tr><td>Yau Tsim Mong</td><td width="100" align="right">26 to 34&nbsp;mm;</td></tr>
            <tr><td>Wan Chai</td><td width="100" align="right">26 to 33&nbsp;mm;</td></tr>
            <tr><td>Kowloon City</td><td width="100" align="right">25 to 30&nbsp;mm;</td></tr>
            <tr><td>Kwun Tong</td><td width="100" align="right">24 to 29&nbsp;mm;</td></tr>
            <tr><td>Kwai Tsing</td><td width="100" align="right">20 to 27&nbsp;mm;</td></tr>
            <tr><td>Eastern District</td><td width="100" align="right">19 to 32&nbsp;mm;</td></tr>
            <tr><td>Wong Tai Sin</td><td width="100" align="right">17 to 25&nbsp;mm;</td></tr>
            <tr><td>Tsuen Wan</td><td width="100" align="right">13 to 23&nbsp;mm;</td></tr>
            <tr><td>Tuen Mun</td><td width="100" align="right">1 to 10&nbsp;mm;</td></tr>
            <tr><td>Tai Po</td><td width="100" align="right">0 to 5&nbsp;mm;</td></tr>
            <tr><td>Yuen Long</td><td width="100" align="right">0 to 4&nbsp;mm;</td></tr>
            <tr><td>Southern District</td><td width="100" align="right">0 to 35&nbsp;mm;</td></tr>
            <tr><td>North District</td><td width="100" align="right">0 to 1&nbsp;mm.</td></tr>
        </table><br/>
        ]]>
        </description>
    </item>
  </channel>
</rss>