<?xml version="1.0" encoding="utf-8"?><?xml-stylesheet href="current.xsl" type="text/xsl" ?><rss version="2.0" xmlns:atom="http://www.w3.org/2005/Atom">
  <channel>
    <title>Current Weather</title>
    <link>
    https://www.weather.gov.hk/en/wxinfo/currwx/current.htm</link>
    <description>Current Weather</description>
    <language>en-us</language>
    <copyright>The content available in this file, including but
    not limited to all text, graphics, drawings, diagrams,
    photographs and compilation of data or other materials are
    protected by copyright. The Government of the Hong Kong Special
    Administrative Region is the owner of all copyright works
    contained in this website.</copyright>
    <image>
      <title>Current Weather</title>
      <link>https://www.weather.gov.hk/en/wxinfo/currwx/current.htm</link>
	  <url>https://rss.weather.gov.hk/img/hko_logo.gif</url>
      <width>80</width>
      <height>54</height>
    </image>
	<atom:link href="https://rss.weather.gov.hk/rss/CurrentWeather.xml" rel="self" type="application/rss+xml" />
    <item>
       <author>hkowm@hko.gov.hk (Hong Kong Observatory)</author>
	  <guid isPermaLink="false">
      http://rss.weather.gov.hk/rss/CurrentWeather/20240609080200</guid>
<pubDate>Sun, 09 Jun 2024 00:02:00 GMT</pubDate>      <title>Bulletin updated at 08:02 HKT 09/06/2024</title>
      <category>R</category>
      <link>
      https://www.weather.gov.hk/en/wxinfo/currwx/current.htm</link>
        <description>
        <![CDATA[
         <img src="https://rss.weather.gov.hk/img/pic64.png" style="vertical-align: middle;">        <p>At 
        8 a.m. 
               at the Hong Kong Observatory :<br/>
        Air temperature : 27 degrees Celsius<br/>
        Relative Humidity : 94 per cent<br/>
        During the past hour
        the mean UV Index recorded at King's Park : 0.3<br/>
        Intensity of UV radiation : low<br/>        		 								<br/>		The bands of intense thundery showers to the south of Hong Kong are affecting the territory gradually. Whether Red Rainstorm Warning Signal needs to be issued depends on the development of the bands of thundery showers. Members of the public should stay on the alert and continue to be aware of the change in weather.<br/>								    																									<br/><font color="red"><SPAN id='warning_message' >Please be reminded that:<br/>The Amber Rainstorm Warning Signal has been issued.<br/>The Thunderstorm Warning has been issued. It will remain effective until 10:30 a.m. today. A few squally thunderstorms are expected to occur over Hong Kong.<br/></SPAN><br/>		</font>                The air temperatures at other places were:
                <br/>
                <font size="-1">
    <table border="0" cellspacing="0" cellpadding="0">
    <tr><td><font size="-1">Hong Kong Observatory</font></td><td width="100" align="right"><font size="-1">27 degrees ;</font></td></tr>
    <tr><td><font size="-1">King's Park</font></td><td width="100" align="right"><font size="-1">27 degrees ;</font></td></tr>
    <tr><td><font size="-1">Wong Chuk Hang</font></td><td width="100" align="right"><font size="-1">27 degrees ;</font></td></tr>
    <tr><td><font size="-1">Ta Kwu Ling</font></td><td width="100" align="right"><font size="-1">26 degrees ;</font></td></tr>
    <tr><td><font size="-1">Lau Fau Shan</font></td><td width="100" align="right"><font size="-1">25 degrees ;</font></td></tr>
    <tr><td><font size="-1">Tai Po</font></td><td width="100" align="right"><font size="-1">26 degrees ;</font></td></tr>
    <tr><td><font size="-1">Sha Tin</font></td><td width="100" align="right"><font size="-1">27 degrees ;</font></td></tr>
    <tr><td><font size="-1">Tuen Mun</font></td><td width="100" align="right"><font size="-1">25 degrees ;</font></td></tr>
    <tr><td><font size="-1">Tseung Kwan O</font></td><td width="100" align="right"><font size="-1">26 degrees ;</font></td></tr>
    <tr><td><font size="-1">Cheung Chau</font></td><td width="100" align="right"><font size="-1">25 degrees ;</font></td></tr>
    <tr><td><font size="-1">Chek Lap Kok</font></td><td width="100" align="right"><font size="-1">26 degrees ;</font></td></tr>
    <tr><td><font size="-1">Tsing Yi</font></td><td width="100" align="right"><font size="-1">27 degrees ;</font></td></tr>
    <tr><td><font size="-1">Shek Kong</font></td><td width="100" align="right"><font size="-1">27 degrees ;</font></td></tr>
    <tr><td><font size="-1">Tsuen Wan Ho Koon</font></td><td width="100" align="right"><font size="-1">26 degrees ;</font></td></tr>
    <tr><td><font size="-1">Tsuen Wan Shing Mun Valley</font></td><td width="100" align="right"><font size="-1">27 degrees ;</font></td></tr>
    <tr><td><font size="-1">Hong Kong Park</font></td><td width="100" align="right"><font size="-1">27 degrees ;</font></td></tr>
    <tr><td><font size="-1">Shau Kei Wan</font></td><td width="100" align="right"><font size="-1">27 degrees ;</font></td></tr>
    <tr><td><font size="-1">Kowloon City</font></td><td width="100" align="right"><font size="-1">27 degrees ;</font></td></tr>
    <tr><td><font size="-1">Happy Valley</font></td><td width="100" align="right"><font size="-1">28 degrees ;</font></td></tr>
    <tr><td><font size="-1">Wong Tai Sin</font></td><td width="100" align="right"><font size="-1">27 degrees ;</font></td></tr>
    <tr><td><font size="-1">Stanley</font></td><td width="100" align="right"><font size="-1">26 degrees ;</font></td></tr>
    <tr><td><font size="-1">Kwun Tong</font></td><td width="100" align="right"><font size="-1">27 degrees ;</font></td></tr>
    <tr><td><font size="-1">Sham Shui Po</font></td><td width="100" align="right"><font size="-1">28 degrees ;</font></td></tr>
    <tr><td><font size="-1">Kai Tak Runway Park</font></td><td width="100" align="right"><font size="-1">27 degrees ;</font></td></tr>
    <tr><td><font size="-1">Yuen Long Park</font></td><td width="100" align="right"><font size="-1">26 degrees ;</font></td></tr>
    <tr><td><font size="-1">Tai Mei Tuk</font></td><td width="100" align="right"><font size="-1">26 degrees .</font></td></tr>
    </table></font></p>
Between 6:45 and 7:45 a.m., lightning was detected within Lantau and New Territories East. The rainfall recorded in various regions were:<br/><br/>    <table border="0" cellspacing="0" cellpadding="0">
                <tr><td>Kwun Tong</td><td width="100" align="right">4 to 9&nbsp;mm;</td></tr>
            <tr><td>Kowloon City</td><td width="100" align="right">2 to 4&nbsp;mm;</td></tr>
            <tr><td>Yau Tsim Mong</td><td width="100" align="right">2 to 3&nbsp;mm;</td></tr>
            <tr><td>Eastern District</td><td width="100" align="right">1 to 8&nbsp;mm;</td></tr>
            <tr><td>Sha Tin</td><td width="100" align="right">1 to 10&nbsp;mm;</td></tr>
            <tr><td>North District</td><td width="100" align="right">0 to 6&nbsp;mm;</td></tr>
            <tr><td>Southern District</td><td width="100" align="right">0 to 5&nbsp;mm;</td></tr>
            <tr><td>Tsuen Wan</td><td width="100" align="right">0 to 5&nbsp;mm;</td></tr>
            <tr><td>Islands District</td><td width="100" align="right">0 to 30&nbsp;mm;</td></tr>
            <tr><td>Sham Shui Po</td><td width="100" align="right">0 to 3&nbsp;mm;</td></tr>
            <tr><td>Tuen Mun</td><td width="100" align="right">0 to 26&nbsp;mm;</td></tr>
            <tr><td>Tai Po</td><td width="100" align="right">0 to 25&nbsp;mm;</td></tr>
            <tr><td>Sai Kung</td><td width="100" align="right">0 to 23&nbsp;mm;</td></tr>
            <tr><td>Kwai Tsing</td><td width="100" align="right">0 to 2&nbsp;mm;</td></tr>
            <tr><td>Yuen Long</td><td width="100" align="right">0 to 10&nbsp;mm;</td></tr>
            <tr><td>Central & Western District</td><td width="100" align="right">0 to 1&nbsp;mm;</td></tr>
            <tr><td>Wan Chai</td><td width="100" align="right">0 to 1&nbsp;mm;</td></tr>
            <tr><td>Wong Tai Sin</td><td width="100" align="right">0 to 1&nbsp;mm.</td></tr>
        </table><br/>
        ]]>
        </description>
    </item>
  </channel>
</rss>