<?xml version="1.0" encoding="utf-8"?><?xml-stylesheet href="current.xsl" type="text/xsl" ?><rss version="2.0" xmlns:atom="http://www.w3.org/2005/Atom">
  <channel>
    <title>Current Weather</title>
    <link>
    https://www.weather.gov.hk/en/wxinfo/currwx/current.htm</link>
    <description>Current Weather</description>
    <language>en-us</language>
    <copyright>The content available in this file, including but
    not limited to all text, graphics, drawings, diagrams,
    photographs and compilation of data or other materials are
    protected by copyright. The Government of the Hong Kong Special
    Administrative Region is the owner of all copyright works
    contained in this website.</copyright>
    <image>
      <title>Current Weather</title>
      <link>https://www.weather.gov.hk/en/wxinfo/currwx/current.htm</link>
	  <url>https://rss.weather.gov.hk/img/hko_logo.gif</url>
      <width>80</width>
      <height>54</height>
    </image>
	<atom:link href="https://rss.weather.gov.hk/rss/CurrentWeather.xml" rel="self" type="application/rss+xml" />
    <item>
       <author>hkowm@hko.gov.hk (Hong Kong Observatory)</author>
	  <guid isPermaLink="false">
      http://rss.weather.gov.hk/rss/CurrentWeather/20240521120200</guid>
<pubDate>Tue, 21 May 2024 04:02:00 GMT</pubDate>      <title>Bulletin updated at 12:02 HKT 21/05/2024</title>
      <category>R</category>
      <link>
      https://www.weather.gov.hk/en/wxinfo/currwx/current.htm</link>
        <description>
        <![CDATA[
         <img src="https://rss.weather.gov.hk/img/pic64.png" style="vertical-align: middle;">        <p>At 
        noon 
               at the Hong Kong Observatory :<br/>
        Air temperature : 25 degrees Celsius<br/>
        Relative Humidity : 94 per cent<br/>
        During the past hour
        the mean UV Index recorded at King's Park : 0.4<br/>
        Intensity of UV radiation : low<br/>        		 				<br/>		Localised Heavy Rain Advisory: Rain is particularly heavy in Lantau Island in Islands District, with more than 70 millimetres of hourly rainfall fallen or expected to fall and may cause serious flooding. Besides, in the past 1 hour ending at 11:45 a.m., more than 90 millimetres of rainfall have been recorded in Cheung Sha in Lantau Island.<br/>		<br/>		The areas of intense thundery showers now over Lantau Island and New Territories West continues to bring heavy showers to the region. In the past hour, showers were heavier over the western part of the territory and over 70 millimetres of rainfall were recorded over parts of Lantau Island. According to present indications, whether Red Rainstorm Warning Signal needs to be issued depends on the development of the areas of intense thundery showers.<br/>    																									<br/><font color="red"><SPAN id='warning_message' >Please be reminded that:<br/>The Amber Rainstorm Warning Signal has been issued.<br/>The Thunderstorm Warning has been issued. It will remain effective until 1:30 p.m. today. A few thunderstorms are expected to occur over Hong Kong.<br/></SPAN><br/>		</font>                The air temperatures at other places were:
                <br/>
                <font size="-1">
    <table border="0" cellspacing="0" cellpadding="0">
    <tr><td><font size="-1">Hong Kong Observatory</font></td><td width="100" align="right"><font size="-1">25 degrees ;</font></td></tr>
    <tr><td><font size="-1">King's Park</font></td><td width="100" align="right"><font size="-1">25 degrees ;</font></td></tr>
    <tr><td><font size="-1">Wong Chuk Hang</font></td><td width="100" align="right"><font size="-1">26 degrees ;</font></td></tr>
    <tr><td><font size="-1">Ta Kwu Ling</font></td><td width="100" align="right"><font size="-1">25 degrees ;</font></td></tr>
    <tr><td><font size="-1">Lau Fau Shan</font></td><td width="100" align="right"><font size="-1">25 degrees ;</font></td></tr>
    <tr><td><font size="-1">Tai Po</font></td><td width="100" align="right"><font size="-1">25 degrees ;</font></td></tr>
    <tr><td><font size="-1">Sha Tin</font></td><td width="100" align="right"><font size="-1">26 degrees ;</font></td></tr>
    <tr><td><font size="-1">Tuen Mun</font></td><td width="100" align="right"><font size="-1">25 degrees ;</font></td></tr>
    <tr><td><font size="-1">Tseung Kwan O</font></td><td width="100" align="right"><font size="-1">25 degrees ;</font></td></tr>
    <tr><td><font size="-1">Sai Kung</font></td><td width="100" align="right"><font size="-1">25 degrees ;</font></td></tr>
    <tr><td><font size="-1">Cheung Chau</font></td><td width="100" align="right"><font size="-1">25 degrees ;</font></td></tr>
    <tr><td><font size="-1">Chek Lap Kok</font></td><td width="100" align="right"><font size="-1">25 degrees ;</font></td></tr>
    <tr><td><font size="-1">Tsing Yi</font></td><td width="100" align="right"><font size="-1">25 degrees ;</font></td></tr>
    <tr><td><font size="-1">Shek Kong</font></td><td width="100" align="right"><font size="-1">25 degrees ;</font></td></tr>
    <tr><td><font size="-1">Tsuen Wan Ho Koon</font></td><td width="100" align="right"><font size="-1">24 degrees ;</font></td></tr>
    <tr><td><font size="-1">Tsuen Wan Shing Mun Valley</font></td><td width="100" align="right"><font size="-1">25 degrees ;</font></td></tr>
    <tr><td><font size="-1">Hong Kong Park</font></td><td width="100" align="right"><font size="-1">25 degrees ;</font></td></tr>
    <tr><td><font size="-1">Shau Kei Wan</font></td><td width="100" align="right"><font size="-1">25 degrees ;</font></td></tr>
    <tr><td><font size="-1">Kowloon City</font></td><td width="100" align="right"><font size="-1">25 degrees ;</font></td></tr>
    <tr><td><font size="-1">Happy Valley</font></td><td width="100" align="right"><font size="-1">26 degrees ;</font></td></tr>
    <tr><td><font size="-1">Wong Tai Sin</font></td><td width="100" align="right"><font size="-1">26 degrees ;</font></td></tr>
    <tr><td><font size="-1">Stanley</font></td><td width="100" align="right"><font size="-1">26 degrees ;</font></td></tr>
    <tr><td><font size="-1">Kwun Tong</font></td><td width="100" align="right"><font size="-1">24 degrees ;</font></td></tr>
    <tr><td><font size="-1">Sham Shui Po</font></td><td width="100" align="right"><font size="-1">26 degrees ;</font></td></tr>
    <tr><td><font size="-1">Kai Tak Runway Park</font></td><td width="100" align="right"><font size="-1">25 degrees ;</font></td></tr>
    <tr><td><font size="-1">Yuen Long Park</font></td><td width="100" align="right"><font size="-1">25 degrees ;</font></td></tr>
    <tr><td><font size="-1">Tai Mei Tuk</font></td><td width="100" align="right"><font size="-1">24 degrees .</font></td></tr>
    </table></font></p>
Between 10:45 and 11:45 a.m., lightning was detected within Lantau, New Territories West, Hong Kong and Kowloon. The rainfall recorded in various regions were:<br/><br/>    <table border="0" cellspacing="0" cellpadding="0">
                <tr><td>North District</td><td width="100" align="right">5 to 12&nbsp;mm;</td></tr>
            <tr><td>Tuen Mun</td><td width="100" align="right">24 to 38&nbsp;mm;</td></tr>
            <tr><td>Yuen Long</td><td width="100" align="right">2 to 26&nbsp;mm;</td></tr>
            <tr><td>Kwai Tsing</td><td width="100" align="right">1 to 5&nbsp;mm;</td></tr>
            <tr><td>Tsuen Wan</td><td width="100" align="right">1 to 22&nbsp;mm;</td></tr>
            <tr><td>Tai Po</td><td width="100" align="right">1 to 13&nbsp;mm;</td></tr>
            <tr><td>Islands District</td><td width="100" align="right">0 to 95&nbsp;mm;</td></tr>
            <tr><td>Sha Tin</td><td width="100" align="right">0 to 5&nbsp;mm;</td></tr>
            <tr><td>Sai Kung</td><td width="100" align="right">0 to 4&nbsp;mm;</td></tr>
            <tr><td>Wong Tai Sin</td><td width="100" align="right">0 to 1&nbsp;mm.</td></tr>
        </table><br/>
5.4 millimetres of rainfall were recorded at the Hong Kong Observatory between midnight last night and midday today.<br/><br/>        ]]>
        </description>
    </item>
  </channel>
</rss>