building_id,prediction_time,predicted_load
BuildingA_1,1/1/2025 0:00,0.09273881
BuildingA_2,1/1/2025 1:00,0.09273881
BuildingA_3,1/1/2025 2:00,0.09273881
BuildingA_4,1/1/2025 3:00,0.09273881
BuildingA_5,1/1/2025 4:00,0.09273881
BuildingA_6,1/1/2025 5:00,0.09273881
BuildingA_7,1/1/2025 6:00,0.09273881
BuildingA_8,1/1/2025 7:00,0.10837096
BuildingA_9,1/1/2025 8:00,662.4266
BuildingA_10,1/1/2025 9:00,608.1981
BuildingA_11,1/1/2025 10:00,588.81366
BuildingA_12,1/1/2025 11:00,644.85846
BuildingA_13,1/1/2025 12:00,590.0227
BuildingA_14,1/1/2025 13:00,645.50616
BuildingA_15,1/1/2025 14:00,659.7892
BuildingA_16,1/1/2025 15:00,666.32086
BuildingA_17,1/1/2025 16:00,631.0579
BuildingA_18,1/1/2025 17:00,445.1138
BuildingA_19,1/1/2025 18:00,0.0
BuildingA_20,1/1/2025 19:00,0.08999987
BuildingA_21,1/1/2025 20:00,0.08999987
BuildingA_22,1/1/2025 21:00,0.08999987
BuildingA_23,1/1/2025 22:00,0.08999987
BuildingA_24,1/1/2025 23:00,0.08999987
BuildingA_25,2/1/2025 0:00,0.09273881
BuildingA_26,2/1/2025 1:00,0.09273881
BuildingA_27,2/1/2025 2:00,0.09273881
BuildingA_28,2/1/2025 3:00,0.09273881
BuildingA_29,2/1/2025 4:00,0.09273881
BuildingA_30,2/1/2025 5:00,0.09273881
BuildingA_31,2/1/2025 6:00,0.09273881
BuildingA_32,2/1/2025 7:00,0.10837096
BuildingA_33,2/1/2025 8:00,662.4266
BuildingA_34,2/1/2025 9:00,608.1981
BuildingA_35,2/1/2025 10:00,588.81366
BuildingA_36,2/1/2025 11:00,644.85846
BuildingA_37,2/1/2025 12:00,590.0227
BuildingA_38,2/1/2025 13:00,645.50616
BuildingA_39,2/1/2025 14:00,659.7892
BuildingA_40,2/1/2025 15:00,666.32086
BuildingA_41,2/1/2025 16:00,631.0579
BuildingA_42,2/1/2025 17:00,445.1138
BuildingA_43,2/1/2025 18:00,0.0
BuildingA_44,2/1/2025 19:00,0.08999987
BuildingA_45,2/1/2025 20:00,0.08999987
BuildingA_46,2/1/2025 21:00,0.08999987
BuildingA_47,2/1/2025 22:00,0.08999987
BuildingA_48,2/1/2025 23:00,0.08999987
BuildingA_49,3/1/2025 0:00,0.09273881
BuildingA_50,3/1/2025 1:00,0.09273881
BuildingA_51,3/1/2025 2:00,0.09273881
BuildingA_52,3/1/2025 3:00,0.09273881
BuildingA_53,3/1/2025 4:00,0.09273881
BuildingA_54,3/1/2025 5:00,0.09273881
BuildingA_55,3/1/2025 6:00,0.09273881
BuildingA_56,3/1/2025 7:00,0.10837096
BuildingA_57,3/1/2025 8:00,662.4266
BuildingA_58,3/1/2025 9:00,608.1981
BuildingA_59,3/1/2025 10:00,588.81366
BuildingA_60,3/1/2025 11:00,644.85846
BuildingA_61,3/1/2025 12:00,590.0227
BuildingA_62,3/1/2025 13:00,645.50616
BuildingA_63,3/1/2025 14:00,659.7892
BuildingA_64,3/1/2025 15:00,666.32086
BuildingA_65,3/1/2025 16:00,631.0579
BuildingA_66,3/1/2025 17:00,445.1138
BuildingA_67,3/1/2025 18:00,0.0
BuildingA_68,3/1/2025 19:00,0.08999987
BuildingA_69,3/1/2025 20:00,0.08999987
BuildingA_70,3/1/2025 21:00,0.08999987
BuildingA_71,3/1/2025 22:00,0.08999987
BuildingA_72,3/1/2025 23:00,0.08999987
BuildingA_73,4/1/2025 0:00,0.09273881
BuildingA_74,4/1/2025 1:00,0.09273881
BuildingA_75,4/1/2025 2:00,0.09273881
BuildingA_76,4/1/2025 3:00,0.09273881
BuildingA_77,4/1/2025 4:00,0.09273881
BuildingA_78,4/1/2025 5:00,0.09273881
BuildingA_79,4/1/2025 6:00,0.09273881
BuildingA_80,4/1/2025 7:00,0.07137531
BuildingA_81,4/1/2025 8:00,2.2579231
BuildingA_82,4/1/2025 9:00,0.0
BuildingA_83,4/1/2025 10:00,0.0
BuildingA_84,4/1/2025 11:00,1.1627058
BuildingA_85,4/1/2025 12:00,0.0
BuildingA_86,4/1/2025 13:00,0.0
BuildingA_87,4/1/2025 14:00,0.0
BuildingA_88,4/1/2025 15:00,1.2840585
BuildingA_89,4/1/2025 16:00,0.078865156
BuildingA_90,4/1/2025 17:00,3.0741606
BuildingA_91,4/1/2025 18:00,0.34798014
BuildingA_92,4/1/2025 19:00,0.08999987
BuildingA_93,4/1/2025 20:00,0.08999987
BuildingA_94,4/1/2025 21:00,0.08999987
BuildingA_95,4/1/2025 22:00,0.08999987
BuildingA_96,4/1/2025 23:00,0.08999987
BuildingA_97,5/1/2025 0:00,0.09273881
BuildingA_98,5/1/2025 1:00,0.09273881
BuildingA_99,5/1/2025 2:00,0.09273881
BuildingA_100,5/1/2025 3:00,0.09273881
BuildingA_101,5/1/2025 4:00,0.09273881
BuildingA_102,5/1/2025 5:00,0.09273881
BuildingA_103,5/1/2025 6:00,0.09273881
BuildingA_104,5/1/2025 7:00,0.07137531
BuildingA_105,5/1/2025 8:00,2.2579231
BuildingA_106,5/1/2025 9:00,0.0
BuildingA_107,5/1/2025 10:00,0.0
BuildingA_108,5/1/2025 11:00,1.1627058
BuildingA_109,5/1/2025 12:00,0.0
BuildingA_110,5/1/2025 13:00,0.0
BuildingA_111,5/1/2025 14:00,0.0
BuildingA_112,5/1/2025 15:00,1.2840585
BuildingA_113,5/1/2025 16:00,0.078865156
BuildingA_114,5/1/2025 17:00,3.0741606
BuildingA_115,5/1/2025 18:00,0.34798014
BuildingA_116,5/1/2025 19:00,0.08999987
BuildingA_117,5/1/2025 20:00,0.08999987
BuildingA_118,5/1/2025 21:00,0.08999987
BuildingA_119,5/1/2025 22:00,0.08999987
BuildingA_120,5/1/2025 23:00,0.08999987
BuildingA_121,6/1/2025 0:00,0.09273881
BuildingA_122,6/1/2025 1:00,0.09273881
BuildingA_123,6/1/2025 2:00,0.09273881
BuildingA_124,6/1/2025 3:00,0.09273881
BuildingA_125,6/1/2025 4:00,0.09273881
BuildingA_126,6/1/2025 5:00,0.09273881
BuildingA_127,6/1/2025 6:00,0.09273881
BuildingA_128,6/1/2025 7:00,0.10837096
BuildingA_129,6/1/2025 8:00,662.4266
BuildingA_130,6/1/2025 9:00,608.1981
BuildingA_131,6/1/2025 10:00,588.81366
BuildingA_132,6/1/2025 11:00,644.85846
BuildingA_133,6/1/2025 12:00,590.0227
BuildingA_134,6/1/2025 13:00,645.50616
BuildingA_135,6/1/2025 14:00,659.7892
BuildingA_136,6/1/2025 15:00,666.32086
BuildingA_137,6/1/2025 16:00,631.0579
BuildingA_138,6/1/2025 17:00,445.1138
BuildingA_139,6/1/2025 18:00,0.0
BuildingA_140,6/1/2025 19:00,0.08999987
BuildingA_141,6/1/2025 20:00,0.08999987
BuildingA_142,6/1/2025 21:00,0.08999987
BuildingA_143,6/1/2025 22:00,0.08999987
BuildingA_144,6/1/2025 23:00,0.08999987
BuildingA_145,7/1/2025 0:00,0.09273881
BuildingA_146,7/1/2025 1:00,0.09273881
BuildingA_147,7/1/2025 2:00,0.09273881
BuildingA_148,7/1/2025 3:00,0.09273881
BuildingA_149,7/1/2025 4:00,0.09273881
BuildingA_150,7/1/2025 5:00,0.09273881
BuildingA_151,7/1/2025 6:00,0.09273881
BuildingA_152,7/1/2025 7:00,0.10837096
BuildingA_153,7/1/2025 8:00,662.4266
BuildingA_154,7/1/2025 9:00,608.1981
BuildingA_155,7/1/2025 10:00,588.81366
BuildingA_156,7/1/2025 11:00,644.85846
BuildingA_157,7/1/2025 12:00,590.0227
BuildingA_158,7/1/2025 13:00,645.50616
BuildingA_159,7/1/2025 14:00,659.7892
BuildingA_160,7/1/2025 15:00,666.32086
BuildingA_161,7/1/2025 16:00,631.0579
BuildingA_162,7/1/2025 17:00,445.1138
BuildingA_163,7/1/2025 18:00,0.0
BuildingA_164,7/1/2025 19:00,0.08999987
BuildingA_165,7/1/2025 20:00,0.08999987
BuildingA_166,7/1/2025 21:00,0.08999987
BuildingA_167,7/1/2025 22:00,0.08999987
BuildingA_168,7/1/2025 23:00,0.08999987
BuildingA_169,8/1/2025 0:00,0.09273881
BuildingA_170,8/1/2025 1:00,0.09273881
BuildingA_171,8/1/2025 2:00,0.09273881
BuildingA_172,8/1/2025 3:00,0.09273881
BuildingA_173,8/1/2025 4:00,0.09273881
BuildingA_174,8/1/2025 5:00,0.09273881
BuildingA_175,8/1/2025 6:00,0.09273881
BuildingA_176,8/1/2025 7:00,0.10837096
BuildingA_177,8/1/2025 8:00,662.4266
BuildingA_178,8/1/2025 9:00,608.1981
BuildingA_179,8/1/2025 10:00,588.81366
BuildingA_180,8/1/2025 11:00,644.85846
BuildingA_181,8/1/2025 12:00,590.0227
BuildingA_182,8/1/2025 13:00,645.50616
BuildingA_183,8/1/2025 14:00,659.7892
BuildingA_184,8/1/2025 15:00,666.32086
BuildingA_185,8/1/2025 16:00,631.0579
BuildingA_186,8/1/2025 17:00,445.1138
BuildingA_187,8/1/2025 18:00,0.0
BuildingA_188,8/1/2025 19:00,0.08999987
BuildingA_189,8/1/2025 20:00,0.08999987
BuildingA_190,8/1/2025 21:00,0.08999987
BuildingA_191,8/1/2025 22:00,0.08999987
BuildingA_192,8/1/2025 23:00,0.08999987
BuildingA_193,9/1/2025 0:00,0.09273881
BuildingA_194,9/1/2025 1:00,0.09273881
BuildingA_195,9/1/2025 2:00,0.09273881
BuildingA_196,9/1/2025 3:00,0.09273881
BuildingA_197,9/1/2025 4:00,0.09273881
BuildingA_198,9/1/2025 5:00,0.09273881
BuildingA_199,9/1/2025 6:00,0.09273881
BuildingA_200,9/1/2025 7:00,0.10837096
BuildingA_201,9/1/2025 8:00,662.4266
BuildingA_202,9/1/2025 9:00,608.1981
BuildingA_203,9/1/2025 10:00,588.81366
BuildingA_204,9/1/2025 11:00,644.85846
BuildingA_205,9/1/2025 12:00,590.0227
BuildingA_206,9/1/2025 13:00,645.50616
BuildingA_207,9/1/2025 14:00,659.7892
BuildingA_208,9/1/2025 15:00,666.32086
BuildingA_209,9/1/2025 16:00,631.0579
BuildingA_210,9/1/2025 17:00,445.1138
BuildingA_211,9/1/2025 18:00,0.0
BuildingA_212,9/1/2025 19:00,0.08999987
BuildingA_213,9/1/2025 20:00,0.08999987
BuildingA_214,9/1/2025 21:00,0.08999987
BuildingA_215,9/1/2025 22:00,0.08999987
BuildingA_216,9/1/2025 23:00,0.08999987
BuildingA_217,10/1/2025 0:00,0.09273881
BuildingA_218,10/1/2025 1:00,0.09273881
BuildingA_219,10/1/2025 2:00,0.09273881
BuildingA_220,10/1/2025 3:00,0.09273881
BuildingA_221,10/1/2025 4:00,0.09273881
BuildingA_222,10/1/2025 5:00,0.09273881
BuildingA_223,10/1/2025 6:00,0.09273881
BuildingA_224,10/1/2025 7:00,0.10837096
BuildingA_225,10/1/2025 8:00,662.4266
BuildingA_226,10/1/2025 9:00,608.1981
BuildingA_227,10/1/2025 10:00,588.81366
BuildingA_228,10/1/2025 11:00,644.85846
BuildingA_229,10/1/2025 12:00,590.0227
BuildingA_230,10/1/2025 13:00,645.50616
BuildingA_231,10/1/2025 14:00,659.7892
BuildingA_232,10/1/2025 15:00,666.32086
BuildingA_233,10/1/2025 16:00,631.0579
BuildingA_234,10/1/2025 17:00,445.1138
BuildingA_235,10/1/2025 18:00,0.0
BuildingA_236,10/1/2025 19:00,0.08999987
BuildingA_237,10/1/2025 20:00,0.08999987
BuildingA_238,10/1/2025 21:00,0.08999987
BuildingA_239,10/1/2025 22:00,0.08999987
BuildingA_240,10/1/2025 23:00,0.08999987
BuildingA_241,11/1/2025 0:00,0.09273881
BuildingA_242,11/1/2025 1:00,0.09273881
BuildingA_243,11/1/2025 2:00,0.09273881
BuildingA_244,11/1/2025 3:00,0.09273881
BuildingA_245,11/1/2025 4:00,0.09273881
BuildingA_246,11/1/2025 5:00,0.09273881
BuildingA_247,11/1/2025 6:00,0.09273881
BuildingA_248,11/1/2025 7:00,0.07137531
BuildingA_249,11/1/2025 8:00,2.2579231
BuildingA_250,11/1/2025 9:00,0.0
BuildingA_251,11/1/2025 10:00,0.0
BuildingA_252,11/1/2025 11:00,1.1627058
BuildingA_253,11/1/2025 12:00,0.0
BuildingA_254,11/1/2025 13:00,0.0
BuildingA_255,11/1/2025 14:00,0.0
BuildingA_256,11/1/2025 15:00,1.2840585
BuildingA_257,11/1/2025 16:00,0.078865156
BuildingA_258,11/1/2025 17:00,3.0741606
BuildingA_259,11/1/2025 18:00,0.34798014
BuildingA_260,11/1/2025 19:00,0.08999987
BuildingA_261,11/1/2025 20:00,0.08999987
BuildingA_262,11/1/2025 21:00,0.08999987
BuildingA_263,11/1/2025 22:00,0.08999987
BuildingA_264,11/1/2025 23:00,0.08999987
BuildingA_265,12/1/2025 0:00,0.09273881
BuildingA_266,12/1/2025 1:00,0.09273881
BuildingA_267,12/1/2025 2:00,0.09273881
BuildingA_268,12/1/2025 3:00,0.09273881
BuildingA_269,12/1/2025 4:00,0.09273881
BuildingA_270,12/1/2025 5:00,0.09273881
BuildingA_271,12/1/2025 6:00,0.09273881
BuildingA_272,12/1/2025 7:00,0.07137531
BuildingA_273,12/1/2025 8:00,2.2579231
BuildingA_274,12/1/2025 9:00,0.0
BuildingA_275,12/1/2025 10:00,0.0
BuildingA_276,12/1/2025 11:00,1.1627058
BuildingA_277,12/1/2025 12:00,0.0
BuildingA_278,12/1/2025 13:00,0.0
BuildingA_279,12/1/2025 14:00,0.0
BuildingA_280,12/1/2025 15:00,1.2840585
BuildingA_281,12/1/2025 16:00,0.078865156
BuildingA_282,12/1/2025 17:00,3.0741606
BuildingA_283,12/1/2025 18:00,0.34798014
BuildingA_284,12/1/2025 19:00,0.08999987
BuildingA_285,12/1/2025 20:00,0.08999987
BuildingA_286,12/1/2025 21:00,0.08999987
BuildingA_287,12/1/2025 22:00,0.08999987
BuildingA_288,12/1/2025 23:00,0.08999987
BuildingA_289,13/1/2025 0:00,0.09273881
BuildingA_290,13/1/2025 1:00,0.09273881
BuildingA_291,13/1/2025 2:00,0.09273881
BuildingA_292,13/1/2025 3:00,0.09273881
BuildingA_293,13/1/2025 4:00,0.09273881
BuildingA_294,13/1/2025 5:00,0.09273881
BuildingA_295,13/1/2025 6:00,0.09273881
BuildingA_296,13/1/2025 7:00,0.10837096
BuildingA_297,13/1/2025 8:00,662.4266
BuildingA_298,13/1/2025 9:00,608.1981
BuildingA_299,13/1/2025 10:00,588.81366
BuildingA_300,13/1/2025 11:00,644.85846
BuildingA_301,13/1/2025 12:00,590.0227
BuildingA_302,13/1/2025 13:00,645.50616
BuildingA_303,13/1/2025 14:00,659.7892
BuildingA_304,13/1/2025 15:00,666.32086
BuildingA_305,13/1/2025 16:00,631.0579
BuildingA_306,13/1/2025 17:00,445.1138
BuildingA_307,13/1/2025 18:00,0.0
BuildingA_308,13/1/2025 19:00,0.08999987
BuildingA_309,13/1/2025 20:00,0.08999987
BuildingA_310,13/1/2025 21:00,0.08999987
BuildingA_311,13/1/2025 22:00,0.08999987
BuildingA_312,13/1/2025 23:00,0.08999987
BuildingA_313,14/1/2025 0:00,0.09273881
BuildingA_314,14/1/2025 1:00,0.09273881
BuildingA_315,14/1/2025 2:00,0.09273881
BuildingA_316,14/1/2025 3:00,0.09273881
BuildingA_317,14/1/2025 4:00,0.09273881
BuildingA_318,14/1/2025 5:00,0.09273881
BuildingA_319,14/1/2025 6:00,0.09273881
BuildingA_320,14/1/2025 7:00,0.10837096
BuildingA_321,14/1/2025 8:00,662.4266
BuildingA_322,14/1/2025 9:00,608.1981
BuildingA_323,14/1/2025 10:00,588.81366
BuildingA_324,14/1/2025 11:00,644.85846
BuildingA_325,14/1/2025 12:00,590.0227
BuildingA_326,14/1/2025 13:00,645.50616
BuildingA_327,14/1/2025 14:00,659.7892
BuildingA_328,14/1/2025 15:00,666.32086
BuildingA_329,14/1/2025 16:00,631.0579
BuildingA_330,14/1/2025 17:00,445.1138
BuildingA_331,14/1/2025 18:00,0.0
BuildingA_332,14/1/2025 19:00,0.08999987
BuildingA_333,14/1/2025 20:00,0.08999987
BuildingA_334,14/1/2025 21:00,0.08999987
BuildingA_335,14/1/2025 22:00,0.08999987
BuildingA_336,14/1/2025 23:00,0.08999987
BuildingA_337,15/1/2025 0:00,0.09273881
BuildingA_338,15/1/2025 1:00,0.09273881
BuildingA_339,15/1/2025 2:00,0.09273881
BuildingA_340,15/1/2025 3:00,0.09273881
BuildingA_341,15/1/2025 4:00,0.09273881
BuildingA_342,15/1/2025 5:00,0.09273881
BuildingA_343,15/1/2025 6:00,0.09273881
BuildingA_344,15/1/2025 7:00,0.10837096
BuildingA_345,15/1/2025 8:00,662.4266
BuildingA_346,15/1/2025 9:00,608.1981
BuildingA_347,15/1/2025 10:00,588.81366
BuildingA_348,15/1/2025 11:00,644.85846
BuildingA_349,15/1/2025 12:00,590.0227
BuildingA_350,15/1/2025 13:00,645.50616
BuildingA_351,15/1/2025 14:00,659.7892
BuildingA_352,15/1/2025 15:00,666.32086
BuildingA_353,15/1/2025 16:00,631.0579
BuildingA_354,15/1/2025 17:00,445.1138
BuildingA_355,15/1/2025 18:00,0.0
BuildingA_356,15/1/2025 19:00,0.08999987
BuildingA_357,15/1/2025 20:00,0.08999987
BuildingA_358,15/1/2025 21:00,0.08999987
BuildingA_359,15/1/2025 22:00,0.08999987
BuildingA_360,15/1/2025 23:00,0.08999987
BuildingA_361,16/1/2025 0:00,0.09273881
BuildingA_362,16/1/2025 1:00,0.09273881
BuildingA_363,16/1/2025 2:00,0.09273881
BuildingA_364,16/1/2025 3:00,0.09273881
BuildingA_365,16/1/2025 4:00,0.09273881
BuildingA_366,16/1/2025 5:00,0.09273881
BuildingA_367,16/1/2025 6:00,0.09273881
BuildingA_368,16/1/2025 7:00,0.10837096
BuildingA_369,16/1/2025 8:00,662.4266
BuildingA_370,16/1/2025 9:00,608.1981
BuildingA_371,16/1/2025 10:00,588.81366
BuildingA_372,16/1/2025 11:00,644.85846
BuildingA_373,16/1/2025 12:00,590.0227
BuildingA_374,16/1/2025 13:00,645.50616
BuildingA_375,16/1/2025 14:00,659.7892
BuildingA_376,16/1/2025 15:00,666.32086
BuildingA_377,16/1/2025 16:00,631.0579
BuildingA_378,16/1/2025 17:00,445.1138
BuildingA_379,16/1/2025 18:00,0.0
BuildingA_380,16/1/2025 19:00,0.08999987
BuildingA_381,16/1/2025 20:00,0.08999987
BuildingA_382,16/1/2025 21:00,0.08999987
BuildingA_383,16/1/2025 22:00,0.08999987
BuildingA_384,16/1/2025 23:00,0.08999987
BuildingA_385,17/1/2025 0:00,0.09273881
BuildingA_386,17/1/2025 1:00,0.09273881
BuildingA_387,17/1/2025 2:00,0.09273881
BuildingA_388,17/1/2025 3:00,0.09273881
BuildingA_389,17/1/2025 4:00,0.09273881
BuildingA_390,17/1/2025 5:00,0.09273881
BuildingA_391,17/1/2025 6:00,0.09273881
BuildingA_392,17/1/2025 7:00,0.10837096
BuildingA_393,17/1/2025 8:00,662.4266
BuildingA_394,17/1/2025 9:00,608.1981
BuildingA_395,17/1/2025 10:00,588.81366
BuildingA_396,17/1/2025 11:00,644.85846
BuildingA_397,17/1/2025 12:00,590.0227
BuildingA_398,17/1/2025 13:00,645.50616
BuildingA_399,17/1/2025 14:00,659.7892
BuildingA_400,17/1/2025 15:00,666.32086
BuildingA_401,17/1/2025 16:00,631.0579
BuildingA_402,17/1/2025 17:00,445.1138
BuildingA_403,17/1/2025 18:00,0.0
BuildingA_404,17/1/2025 19:00,0.08999987
BuildingA_405,17/1/2025 20:00,0.08999987
BuildingA_406,17/1/2025 21:00,0.08999987
BuildingA_407,17/1/2025 22:00,0.08999987
BuildingA_408,17/1/2025 23:00,0.08999987
BuildingA_409,18/1/2025 0:00,0.09273881
BuildingA_410,18/1/2025 1:00,0.09273881
BuildingA_411,18/1/2025 2:00,0.09273881
BuildingA_412,18/1/2025 3:00,0.09273881
BuildingA_413,18/1/2025 4:00,0.09273881
BuildingA_414,18/1/2025 5:00,0.09273881
BuildingA_415,18/1/2025 6:00,0.09273881
BuildingA_416,18/1/2025 7:00,0.07137531
BuildingA_417,18/1/2025 8:00,2.2579231
BuildingA_418,18/1/2025 9:00,0.0
BuildingA_419,18/1/2025 10:00,0.0
BuildingA_420,18/1/2025 11:00,1.1627058
BuildingA_421,18/1/2025 12:00,0.0
BuildingA_422,18/1/2025 13:00,0.0
BuildingA_423,18/1/2025 14:00,0.0
BuildingA_424,18/1/2025 15:00,1.2840585
BuildingA_425,18/1/2025 16:00,0.078865156
BuildingA_426,18/1/2025 17:00,3.0741606
BuildingA_427,18/1/2025 18:00,0.34798014
BuildingA_428,18/1/2025 19:00,0.08999987
BuildingA_429,18/1/2025 20:00,0.08999987
BuildingA_430,18/1/2025 21:00,0.08999987
BuildingA_431,18/1/2025 22:00,0.08999987
BuildingA_432,18/1/2025 23:00,0.08999987
BuildingA_433,19/1/2025 0:00,0.09273881
BuildingA_434,19/1/2025 1:00,0.09273881
BuildingA_435,19/1/2025 2:00,0.09273881
BuildingA_436,19/1/2025 3:00,0.09273881
BuildingA_437,19/1/2025 4:00,0.09273881
BuildingA_438,19/1/2025 5:00,0.09273881
BuildingA_439,19/1/2025 6:00,0.09273881
BuildingA_440,19/1/2025 7:00,0.07137531
BuildingA_441,19/1/2025 8:00,2.2579231
BuildingA_442,19/1/2025 9:00,0.0
BuildingA_443,19/1/2025 10:00,0.0
BuildingA_444,19/1/2025 11:00,1.1627058
BuildingA_445,19/1/2025 12:00,0.0
BuildingA_446,19/1/2025 13:00,0.0
BuildingA_447,19/1/2025 14:00,0.0
BuildingA_448,19/1/2025 15:00,1.2840585
BuildingA_449,19/1/2025 16:00,0.078865156
BuildingA_450,19/1/2025 17:00,3.0741606
BuildingA_451,19/1/2025 18:00,0.34798014
BuildingA_452,19/1/2025 19:00,0.08999987
BuildingA_453,19/1/2025 20:00,0.08999987
BuildingA_454,19/1/2025 21:00,0.08999987
BuildingA_455,19/1/2025 22:00,0.08999987
BuildingA_456,19/1/2025 23:00,0.08999987
BuildingA_457,20/1/2025 0:00,0.09273881
BuildingA_458,20/1/2025 1:00,0.09273881
BuildingA_459,20/1/2025 2:00,0.09273881
BuildingA_460,20/1/2025 3:00,0.09273881
BuildingA_461,20/1/2025 4:00,0.09273881
BuildingA_462,20/1/2025 5:00,0.09273881
BuildingA_463,20/1/2025 6:00,0.09273881
BuildingA_464,20/1/2025 7:00,0.10837096
BuildingA_465,20/1/2025 8:00,662.4266
BuildingA_466,20/1/2025 9:00,608.1981
BuildingA_467,20/1/2025 10:00,588.81366
BuildingA_468,20/1/2025 11:00,644.85846
BuildingA_469,20/1/2025 12:00,590.0227
BuildingA_470,20/1/2025 13:00,645.50616
BuildingA_471,20/1/2025 14:00,659.7892
BuildingA_472,20/1/2025 15:00,666.32086
BuildingA_473,20/1/2025 16:00,631.0579
BuildingA_474,20/1/2025 17:00,445.1138
BuildingA_475,20/1/2025 18:00,0.0
BuildingA_476,20/1/2025 19:00,0.08999987
BuildingA_477,20/1/2025 20:00,0.08999987
BuildingA_478,20/1/2025 21:00,0.08999987
BuildingA_479,20/1/2025 22:00,0.08999987
BuildingA_480,20/1/2025 23:00,0.08999987
BuildingA_481,21/1/2025 0:00,0.09273881
BuildingA_482,21/1/2025 1:00,0.09273881
BuildingA_483,21/1/2025 2:00,0.09273881
BuildingA_484,21/1/2025 3:00,0.09273881
BuildingA_485,21/1/2025 4:00,0.09273881
BuildingA_486,21/1/2025 5:00,0.09273881
BuildingA_487,21/1/2025 6:00,0.09273881
BuildingA_488,21/1/2025 7:00,0.10837096
BuildingA_489,21/1/2025 8:00,662.4266
BuildingA_490,21/1/2025 9:00,608.1981
BuildingA_491,21/1/2025 10:00,588.81366
BuildingA_492,21/1/2025 11:00,644.85846
BuildingA_493,21/1/2025 12:00,590.0227
BuildingA_494,21/1/2025 13:00,645.50616
BuildingA_495,21/1/2025 14:00,659.7892
BuildingA_496,21/1/2025 15:00,666.32086
BuildingA_497,21/1/2025 16:00,631.0579
BuildingA_498,21/1/2025 17:00,445.1138
BuildingA_499,21/1/2025 18:00,0.0
BuildingA_500,21/1/2025 19:00,0.08999987
BuildingA_501,21/1/2025 20:00,0.08999987
BuildingA_502,21/1/2025 21:00,0.08999987
BuildingA_503,21/1/2025 22:00,0.08999987
BuildingA_504,21/1/2025 23:00,0.08999987
BuildingA_505,22/1/2025 0:00,0.09273881
BuildingA_506,22/1/2025 1:00,0.09273881
BuildingA_507,22/1/2025 2:00,0.09273881
BuildingA_508,22/1/2025 3:00,0.09273881
BuildingA_509,22/1/2025 4:00,0.09273881
BuildingA_510,22/1/2025 5:00,0.09273881
BuildingA_511,22/1/2025 6:00,0.09273881
BuildingA_512,22/1/2025 7:00,0.10837096
BuildingA_513,22/1/2025 8:00,662.4266
BuildingA_514,22/1/2025 9:00,608.1981
BuildingA_515,22/1/2025 10:00,588.81366
BuildingA_516,22/1/2025 11:00,644.85846
BuildingA_517,22/1/2025 12:00,590.0227
BuildingA_518,22/1/2025 13:00,645.50616
BuildingA_519,22/1/2025 14:00,659.7892
BuildingA_520,22/1/2025 15:00,666.32086
BuildingA_521,22/1/2025 16:00,631.0579
BuildingA_522,22/1/2025 17:00,445.1138
BuildingA_523,22/1/2025 18:00,0.0
BuildingA_524,22/1/2025 19:00,0.08999987
BuildingA_525,22/1/2025 20:00,0.08999987
BuildingA_526,22/1/2025 21:00,0.08999987
BuildingA_527,22/1/2025 22:00,0.08999987
BuildingA_528,22/1/2025 23:00,0.08999987
BuildingA_529,23/1/2025 0:00,0.09273881
BuildingA_530,23/1/2025 1:00,0.09273881
BuildingA_531,23/1/2025 2:00,0.09273881
BuildingA_532,23/1/2025 3:00,0.09273881
BuildingA_533,23/1/2025 4:00,0.09273881
BuildingA_534,23/1/2025 5:00,0.09273881
BuildingA_535,23/1/2025 6:00,0.09273881
BuildingA_536,23/1/2025 7:00,0.10837096
BuildingA_537,23/1/2025 8:00,662.4266
BuildingA_538,23/1/2025 9:00,608.1981
BuildingA_539,23/1/2025 10:00,588.81366
BuildingA_540,23/1/2025 11:00,644.85846
BuildingA_541,23/1/2025 12:00,590.0227
BuildingA_542,23/1/2025 13:00,645.50616
BuildingA_543,23/1/2025 14:00,659.7892
BuildingA_544,23/1/2025 15:00,666.32086
BuildingA_545,23/1/2025 16:00,631.0579
BuildingA_546,23/1/2025 17:00,445.1138
BuildingA_547,23/1/2025 18:00,0.0
BuildingA_548,23/1/2025 19:00,0.08999987
BuildingA_549,23/1/2025 20:00,0.08999987
BuildingA_550,23/1/2025 21:00,0.08999987
BuildingA_551,23/1/2025 22:00,0.08999987
BuildingA_552,23/1/2025 23:00,0.08999987
BuildingA_553,24/1/2025 0:00,0.09273881
BuildingA_554,24/1/2025 1:00,0.09273881
BuildingA_555,24/1/2025 2:00,0.09273881
BuildingA_556,24/1/2025 3:00,0.09273881
BuildingA_557,24/1/2025 4:00,0.09273881
BuildingA_558,24/1/2025 5:00,0.09273881
BuildingA_559,24/1/2025 6:00,0.09273881
BuildingA_560,24/1/2025 7:00,0.10837096
BuildingA_561,24/1/2025 8:00,662.4266
BuildingA_562,24/1/2025 9:00,608.1981
BuildingA_563,24/1/2025 10:00,588.81366
BuildingA_564,24/1/2025 11:00,644.85846
BuildingA_565,24/1/2025 12:00,590.0227
BuildingA_566,24/1/2025 13:00,645.50616
BuildingA_567,24/1/2025 14:00,659.7892
BuildingA_568,24/1/2025 15:00,666.32086
BuildingA_569,24/1/2025 16:00,631.0579
BuildingA_570,24/1/2025 17:00,445.1138
BuildingA_571,24/1/2025 18:00,0.0
BuildingA_572,24/1/2025 19:00,0.08999987
BuildingA_573,24/1/2025 20:00,0.08999987
BuildingA_574,24/1/2025 21:00,0.08999987
BuildingA_575,24/1/2025 22:00,0.08999987
BuildingA_576,24/1/2025 23:00,0.08999987
BuildingA_577,25/1/2025 0:00,0.09273881
BuildingA_578,25/1/2025 1:00,0.09273881
BuildingA_579,25/1/2025 2:00,0.09273881
BuildingA_580,25/1/2025 3:00,0.09273881
BuildingA_581,25/1/2025 4:00,0.09273881
BuildingA_582,25/1/2025 5:00,0.09273881
BuildingA_583,25/1/2025 6:00,0.09273881
BuildingA_584,25/1/2025 7:00,0.07137531
BuildingA_585,25/1/2025 8:00,2.2579231
BuildingA_586,25/1/2025 9:00,0.0
BuildingA_587,25/1/2025 10:00,0.0
BuildingA_588,25/1/2025 11:00,1.1627058
BuildingA_589,25/1/2025 12:00,0.0
BuildingA_590,25/1/2025 13:00,0.0
BuildingA_591,25/1/2025 14:00,0.0
BuildingA_592,25/1/2025 15:00,1.2840585
BuildingA_593,25/1/2025 16:00,0.078865156
BuildingA_594,25/1/2025 17:00,3.0741606
BuildingA_595,25/1/2025 18:00,0.34798014
BuildingA_596,25/1/2025 19:00,0.08999987
BuildingA_597,25/1/2025 20:00,0.08999987
BuildingA_598,25/1/2025 21:00,0.08999987
BuildingA_599,25/1/2025 22:00,0.08999987
BuildingA_600,25/1/2025 23:00,0.08999987
BuildingA_601,26/1/2025 0:00,0.09273881
BuildingA_602,26/1/2025 1:00,0.09273881
BuildingA_603,26/1/2025 2:00,0.09273881
BuildingA_604,26/1/2025 3:00,0.09273881
BuildingA_605,26/1/2025 4:00,0.09273881
BuildingA_606,26/1/2025 5:00,0.09273881
BuildingA_607,26/1/2025 6:00,0.09273881
BuildingA_608,26/1/2025 7:00,0.07137531
BuildingA_609,26/1/2025 8:00,2.2579231
BuildingA_610,26/1/2025 9:00,0.0
BuildingA_611,26/1/2025 10:00,0.0
BuildingA_612,26/1/2025 11:00,1.1627058
BuildingA_613,26/1/2025 12:00,0.0
BuildingA_614,26/1/2025 13:00,0.0
BuildingA_615,26/1/2025 14:00,0.0
BuildingA_616,26/1/2025 15:00,1.2840585
BuildingA_617,26/1/2025 16:00,0.078865156
BuildingA_618,26/1/2025 17:00,3.0741606
BuildingA_619,26/1/2025 18:00,0.34798014
BuildingA_620,26/1/2025 19:00,0.08999987
BuildingA_621,26/1/2025 20:00,0.08999987
BuildingA_622,26/1/2025 21:00,0.08999987
BuildingA_623,26/1/2025 22:00,0.08999987
BuildingA_624,26/1/2025 23:00,0.08999987
BuildingA_625,27/1/2025 0:00,0.09273881
BuildingA_626,27/1/2025 1:00,0.09273881
BuildingA_627,27/1/2025 2:00,0.09273881
BuildingA_628,27/1/2025 3:00,0.09273881
BuildingA_629,27/1/2025 4:00,0.09273881
BuildingA_630,27/1/2025 5:00,0.09273881
BuildingA_631,27/1/2025 6:00,0.09273881
BuildingA_632,27/1/2025 7:00,0.10837096
BuildingA_633,27/1/2025 8:00,662.4266
BuildingA_634,27/1/2025 9:00,608.1981
BuildingA_635,27/1/2025 10:00,588.81366
BuildingA_636,27/1/2025 11:00,644.85846
BuildingA_637,27/1/2025 12:00,590.0227
BuildingA_638,27/1/2025 13:00,645.50616
BuildingA_639,27/1/2025 14:00,659.7892
BuildingA_640,27/1/2025 15:00,666.32086
BuildingA_641,27/1/2025 16:00,631.0579
BuildingA_642,27/1/2025 17:00,445.1138
BuildingA_643,27/1/2025 18:00,0.0
BuildingA_644,27/1/2025 19:00,0.08999987
BuildingA_645,27/1/2025 20:00,0.08999987
BuildingA_646,27/1/2025 21:00,0.08999987
BuildingA_647,27/1/2025 22:00,0.08999987
BuildingA_648,27/1/2025 23:00,0.08999987
BuildingA_649,28/1/2025 0:00,0.09273881
BuildingA_650,28/1/2025 1:00,0.09273881
BuildingA_651,28/1/2025 2:00,0.09273881
BuildingA_652,28/1/2025 3:00,0.09273881
BuildingA_653,28/1/2025 4:00,0.09273881
BuildingA_654,28/1/2025 5:00,0.09273881
BuildingA_655,28/1/2025 6:00,0.09273881
BuildingA_656,28/1/2025 7:00,0.10837096
BuildingA_657,28/1/2025 8:00,662.4266
BuildingA_658,28/1/2025 9:00,608.1981
BuildingA_659,28/1/2025 10:00,588.81366
BuildingA_660,28/1/2025 11:00,644.85846
BuildingA_661,28/1/2025 12:00,590.0227
BuildingA_662,28/1/2025 13:00,645.50616
BuildingA_663,28/1/2025 14:00,659.7892
BuildingA_664,28/1/2025 15:00,666.32086
BuildingA_665,28/1/2025 16:00,631.0579
BuildingA_666,28/1/2025 17:00,445.1138
BuildingA_667,28/1/2025 18:00,0.0
BuildingA_668,28/1/2025 19:00,0.08999987
BuildingA_669,28/1/2025 20:00,0.08999987
BuildingA_670,28/1/2025 21:00,0.08999987
BuildingA_671,28/1/2025 22:00,0.08999987
BuildingA_672,28/1/2025 23:00,0.08999987
BuildingA_673,29/1/2025 0:00,0.09273881
BuildingA_674,29/1/2025 1:00,0.09273881
BuildingA_675,29/1/2025 2:00,0.09273881
BuildingA_676,29/1/2025 3:00,0.09273881
BuildingA_677,29/1/2025 4:00,0.09273881
BuildingA_678,29/1/2025 5:00,0.09273881
BuildingA_679,29/1/2025 6:00,0.09273881
BuildingA_680,29/1/2025 7:00,0.10837096
BuildingA_681,29/1/2025 8:00,662.4266
BuildingA_682,29/1/2025 9:00,608.1981
BuildingA_683,29/1/2025 10:00,588.81366
BuildingA_684,29/1/2025 11:00,644.85846
BuildingA_685,29/1/2025 12:00,590.0227
BuildingA_686,29/1/2025 13:00,645.50616
BuildingA_687,29/1/2025 14:00,659.7892
BuildingA_688,29/1/2025 15:00,666.32086
BuildingA_689,29/1/2025 16:00,631.0579
BuildingA_690,29/1/2025 17:00,445.1138
BuildingA_691,29/1/2025 18:00,0.0
BuildingA_692,29/1/2025 19:00,0.08999987
BuildingA_693,29/1/2025 20:00,0.08999987
BuildingA_694,29/1/2025 21:00,0.08999987
BuildingA_695,29/1/2025 22:00,0.08999987
BuildingA_696,29/1/2025 23:00,0.08999987
BuildingA_697,30/1/2025 0:00,0.09273881
BuildingA_698,30/1/2025 1:00,0.09273881
BuildingA_699,30/1/2025 2:00,0.09273881
BuildingA_700,30/1/2025 3:00,0.09273881
BuildingA_701,30/1/2025 4:00,0.09273881
BuildingA_702,30/1/2025 5:00,0.09273881
BuildingA_703,30/1/2025 6:00,0.09273881
BuildingA_704,30/1/2025 7:00,0.10837096
BuildingA_705,30/1/2025 8:00,662.4266
BuildingA_706,30/1/2025 9:00,608.1981
BuildingA_707,30/1/2025 10:00,588.81366
BuildingA_708,30/1/2025 11:00,644.85846
BuildingA_709,30/1/2025 12:00,590.0227
BuildingA_710,30/1/2025 13:00,645.50616
BuildingA_711,30/1/2025 14:00,659.7892
BuildingA_712,30/1/2025 15:00,666.32086
BuildingA_713,30/1/2025 16:00,631.0579
BuildingA_714,30/1/2025 17:00,445.1138
BuildingA_715,30/1/2025 18:00,0.0
BuildingA_716,30/1/2025 19:00,0.08999987
BuildingA_717,30/1/2025 20:00,0.08999987
BuildingA_718,30/1/2025 21:00,0.08999987
BuildingA_719,30/1/2025 22:00,0.08999987
BuildingA_720,30/1/2025 23:00,0.08999987
BuildingB_1,1/1/2025 0:00,0.09273881
BuildingB_2,1/1/2025 1:00,0.09273881
BuildingB_3,1/1/2025 2:00,0.09273881
BuildingB_4,1/1/2025 3:00,0.09273881
BuildingB_5,1/1/2025 4:00,0.09273881
BuildingB_6,1/1/2025 5:00,0.09273881
BuildingB_7,1/1/2025 6:00,0.09273881
BuildingB_8,1/1/2025 7:00,0.10837096
BuildingB_9,1/1/2025 8:00,662.4266
BuildingB_10,1/1/2025 9:00,608.1981
BuildingB_11,1/1/2025 10:00,588.81366
BuildingB_12,1/1/2025 11:00,644.85846
BuildingB_13,1/1/2025 12:00,590.0227
BuildingB_14,1/1/2025 13:00,645.50616
BuildingB_15,1/1/2025 14:00,659.7892
BuildingB_16,1/1/2025 15:00,666.32086
BuildingB_17,1/1/2025 16:00,631.0579
BuildingB_18,1/1/2025 17:00,445.1138
BuildingB_19,1/1/2025 18:00,0.0
BuildingB_20,1/1/2025 19:00,0.08999987
BuildingB_21,1/1/2025 20:00,0.08999987
BuildingB_22,1/1/2025 21:00,0.08999987
BuildingB_23,1/1/2025 22:00,0.08999987
BuildingB_24,1/1/2025 23:00,0.08999987
BuildingB_25,2/1/2025 0:00,0.09273881
BuildingB_26,2/1/2025 1:00,0.09273881
BuildingB_27,2/1/2025 2:00,0.09273881
BuildingB_28,2/1/2025 3:00,0.09273881
BuildingB_29,2/1/2025 4:00,0.09273881
BuildingB_30,2/1/2025 5:00,0.09273881
BuildingB_31,2/1/2025 6:00,0.09273881
BuildingB_32,2/1/2025 7:00,0.10837096
BuildingB_33,2/1/2025 8:00,662.4266
BuildingB_34,2/1/2025 9:00,608.1981
BuildingB_35,2/1/2025 10:00,588.81366
BuildingB_36,2/1/2025 11:00,644.85846
BuildingB_37,2/1/2025 12:00,590.0227
BuildingB_38,2/1/2025 13:00,645.50616
BuildingB_39,2/1/2025 14:00,659.7892
BuildingB_40,2/1/2025 15:00,666.32086
BuildingB_41,2/1/2025 16:00,631.0579
BuildingB_42,2/1/2025 17:00,445.1138
BuildingB_43,2/1/2025 18:00,0.0
BuildingB_44,2/1/2025 19:00,0.08999987
BuildingB_45,2/1/2025 20:00,0.08999987
BuildingB_46,2/1/2025 21:00,0.08999987
BuildingB_47,2/1/2025 22:00,0.08999987
BuildingB_48,2/1/2025 23:00,0.08999987
BuildingB_49,3/1/2025 0:00,0.09273881
BuildingB_50,3/1/2025 1:00,0.09273881
BuildingB_51,3/1/2025 2:00,0.09273881
BuildingB_52,3/1/2025 3:00,0.09273881
BuildingB_53,3/1/2025 4:00,0.09273881
BuildingB_54,3/1/2025 5:00,0.09273881
BuildingB_55,3/1/2025 6:00,0.09273881
BuildingB_56,3/1/2025 7:00,0.10837096
BuildingB_57,3/1/2025 8:00,662.4266
BuildingB_58,3/1/2025 9:00,608.1981
BuildingB_59,3/1/2025 10:00,588.81366
BuildingB_60,3/1/2025 11:00,644.85846
BuildingB_61,3/1/2025 12:00,590.0227
BuildingB_62,3/1/2025 13:00,645.50616
BuildingB_63,3/1/2025 14:00,659.7892
BuildingB_64,3/1/2025 15:00,666.32086
BuildingB_65,3/1/2025 16:00,631.0579
BuildingB_66,3/1/2025 17:00,445.1138
BuildingB_67,3/1/2025 18:00,0.0
BuildingB_68,3/1/2025 19:00,0.08999987
BuildingB_69,3/1/2025 20:00,0.08999987
BuildingB_70,3/1/2025 21:00,0.08999987
BuildingB_71,3/1/2025 22:00,0.08999987
BuildingB_72,3/1/2025 23:00,0.08999987
BuildingB_73,4/1/2025 0:00,0.09273881
BuildingB_74,4/1/2025 1:00,0.09273881
BuildingB_75,4/1/2025 2:00,0.09273881
BuildingB_76,4/1/2025 3:00,0.09273881
BuildingB_77,4/1/2025 4:00,0.09273881
BuildingB_78,4/1/2025 5:00,0.09273881
BuildingB_79,4/1/2025 6:00,0.09273881
BuildingB_80,4/1/2025 7:00,0.07137531
BuildingB_81,4/1/2025 8:00,2.2579231
BuildingB_82,4/1/2025 9:00,0.0
BuildingB_83,4/1/2025 10:00,0.0
BuildingB_84,4/1/2025 11:00,1.1627058
BuildingB_85,4/1/2025 12:00,0.0
BuildingB_86,4/1/2025 13:00,0.0
BuildingB_87,4/1/2025 14:00,0.0
BuildingB_88,4/1/2025 15:00,1.2840585
BuildingB_89,4/1/2025 16:00,0.078865156
BuildingB_90,4/1/2025 17:00,3.0741606
BuildingB_91,4/1/2025 18:00,0.34798014
BuildingB_92,4/1/2025 19:00,0.08999987
BuildingB_93,4/1/2025 20:00,0.08999987
BuildingB_94,4/1/2025 21:00,0.08999987
BuildingB_95,4/1/2025 22:00,0.08999987
BuildingB_96,4/1/2025 23:00,0.08999987
BuildingB_97,5/1/2025 0:00,0.09273881
BuildingB_98,5/1/2025 1:00,0.09273881
BuildingB_99,5/1/2025 2:00,0.09273881
BuildingB_100,5/1/2025 3:00,0.09273881
BuildingB_101,5/1/2025 4:00,0.09273881
BuildingB_102,5/1/2025 5:00,0.09273881
BuildingB_103,5/1/2025 6:00,0.09273881
BuildingB_104,5/1/2025 7:00,0.07137531
BuildingB_105,5/1/2025 8:00,2.2579231
BuildingB_106,5/1/2025 9:00,0.0
BuildingB_107,5/1/2025 10:00,0.0
BuildingB_108,5/1/2025 11:00,1.1627058
BuildingB_109,5/1/2025 12:00,0.0
BuildingB_110,5/1/2025 13:00,0.0
BuildingB_111,5/1/2025 14:00,0.0
BuildingB_112,5/1/2025 15:00,1.2840585
BuildingB_113,5/1/2025 16:00,0.078865156
BuildingB_114,5/1/2025 17:00,3.0741606
BuildingB_115,5/1/2025 18:00,0.34798014
BuildingB_116,5/1/2025 19:00,0.08999987
BuildingB_117,5/1/2025 20:00,0.08999987
BuildingB_118,5/1/2025 21:00,0.08999987
BuildingB_119,5/1/2025 22:00,0.08999987
BuildingB_120,5/1/2025 23:00,0.08999987
BuildingB_121,6/1/2025 0:00,0.09273881
BuildingB_122,6/1/2025 1:00,0.09273881
BuildingB_123,6/1/2025 2:00,0.09273881
BuildingB_124,6/1/2025 3:00,0.09273881
BuildingB_125,6/1/2025 4:00,0.09273881
BuildingB_126,6/1/2025 5:00,0.09273881
BuildingB_127,6/1/2025 6:00,0.09273881
BuildingB_128,6/1/2025 7:00,0.10837096
BuildingB_129,6/1/2025 8:00,662.4266
BuildingB_130,6/1/2025 9:00,608.1981
BuildingB_131,6/1/2025 10:00,588.81366
BuildingB_132,6/1/2025 11:00,644.85846
BuildingB_133,6/1/2025 12:00,590.0227
BuildingB_134,6/1/2025 13:00,645.50616
BuildingB_135,6/1/2025 14:00,659.7892
BuildingB_136,6/1/2025 15:00,666.32086
BuildingB_137,6/1/2025 16:00,631.0579
BuildingB_138,6/1/2025 17:00,445.1138
BuildingB_139,6/1/2025 18:00,0.0
BuildingB_140,6/1/2025 19:00,0.08999987
BuildingB_141,6/1/2025 20:00,0.08999987
BuildingB_142,6/1/2025 21:00,0.08999987
BuildingB_143,6/1/2025 22:00,0.08999987
BuildingB_144,6/1/2025 23:00,0.08999987
BuildingB_145,7/1/2025 0:00,0.09273881
BuildingB_146,7/1/2025 1:00,0.09273881
BuildingB_147,7/1/2025 2:00,0.09273881
BuildingB_148,7/1/2025 3:00,0.09273881
BuildingB_149,7/1/2025 4:00,0.09273881
BuildingB_150,7/1/2025 5:00,0.09273881
BuildingB_151,7/1/2025 6:00,0.09273881
BuildingB_152,7/1/2025 7:00,0.10837096
BuildingB_153,7/1/2025 8:00,662.4266
BuildingB_154,7/1/2025 9:00,608.1981
BuildingB_155,7/1/2025 10:00,588.81366
BuildingB_156,7/1/2025 11:00,644.85846
BuildingB_157,7/1/2025 12:00,590.0227
BuildingB_158,7/1/2025 13:00,645.50616
BuildingB_159,7/1/2025 14:00,659.7892
BuildingB_160,7/1/2025 15:00,666.32086
BuildingB_161,7/1/2025 16:00,631.0579
BuildingB_162,7/1/2025 17:00,445.1138
BuildingB_163,7/1/2025 18:00,0.0
BuildingB_164,7/1/2025 19:00,0.08999987
BuildingB_165,7/1/2025 20:00,0.08999987
BuildingB_166,7/1/2025 21:00,0.08999987
BuildingB_167,7/1/2025 22:00,0.08999987
BuildingB_168,7/1/2025 23:00,0.08999987
BuildingB_169,8/1/2025 0:00,0.09273881
BuildingB_170,8/1/2025 1:00,0.09273881
BuildingB_171,8/1/2025 2:00,0.09273881
BuildingB_172,8/1/2025 3:00,0.09273881
BuildingB_173,8/1/2025 4:00,0.09273881
BuildingB_174,8/1/2025 5:00,0.09273881
BuildingB_175,8/1/2025 6:00,0.09273881
BuildingB_176,8/1/2025 7:00,0.10837096
BuildingB_177,8/1/2025 8:00,662.4266
BuildingB_178,8/1/2025 9:00,608.1981
BuildingB_179,8/1/2025 10:00,588.81366
BuildingB_180,8/1/2025 11:00,644.85846
BuildingB_181,8/1/2025 12:00,590.0227
BuildingB_182,8/1/2025 13:00,645.50616
BuildingB_183,8/1/2025 14:00,659.7892
BuildingB_184,8/1/2025 15:00,666.32086
BuildingB_185,8/1/2025 16:00,631.0579
BuildingB_186,8/1/2025 17:00,445.1138
BuildingB_187,8/1/2025 18:00,0.0
BuildingB_188,8/1/2025 19:00,0.08999987
BuildingB_189,8/1/2025 20:00,0.08999987
BuildingB_190,8/1/2025 21:00,0.08999987
BuildingB_191,8/1/2025 22:00,0.08999987
BuildingB_192,8/1/2025 23:00,0.08999987
BuildingB_193,9/1/2025 0:00,0.09273881
BuildingB_194,9/1/2025 1:00,0.09273881
BuildingB_195,9/1/2025 2:00,0.09273881
BuildingB_196,9/1/2025 3:00,0.09273881
BuildingB_197,9/1/2025 4:00,0.09273881
BuildingB_198,9/1/2025 5:00,0.09273881
BuildingB_199,9/1/2025 6:00,0.09273881
BuildingB_200,9/1/2025 7:00,0.10837096
BuildingB_201,9/1/2025 8:00,662.4266
BuildingB_202,9/1/2025 9:00,608.1981
BuildingB_203,9/1/2025 10:00,588.81366
BuildingB_204,9/1/2025 11:00,644.85846
BuildingB_205,9/1/2025 12:00,590.0227
BuildingB_206,9/1/2025 13:00,645.50616
BuildingB_207,9/1/2025 14:00,659.7892
BuildingB_208,9/1/2025 15:00,666.32086
BuildingB_209,9/1/2025 16:00,631.0579
BuildingB_210,9/1/2025 17:00,445.1138
BuildingB_211,9/1/2025 18:00,0.0
BuildingB_212,9/1/2025 19:00,0.08999987
BuildingB_213,9/1/2025 20:00,0.08999987
BuildingB_214,9/1/2025 21:00,0.08999987
BuildingB_215,9/1/2025 22:00,0.08999987
BuildingB_216,9/1/2025 23:00,0.08999987
BuildingB_217,10/1/2025 0:00,0.09273881
BuildingB_218,10/1/2025 1:00,0.09273881
BuildingB_219,10/1/2025 2:00,0.09273881
BuildingB_220,10/1/2025 3:00,0.09273881
BuildingB_221,10/1/2025 4:00,0.09273881
BuildingB_222,10/1/2025 5:00,0.09273881
BuildingB_223,10/1/2025 6:00,0.09273881
BuildingB_224,10/1/2025 7:00,0.10837096
BuildingB_225,10/1/2025 8:00,662.4266
BuildingB_226,10/1/2025 9:00,608.1981
BuildingB_227,10/1/2025 10:00,588.81366
BuildingB_228,10/1/2025 11:00,644.85846
BuildingB_229,10/1/2025 12:00,590.0227
BuildingB_230,10/1/2025 13:00,645.50616
BuildingB_231,10/1/2025 14:00,659.7892
BuildingB_232,10/1/2025 15:00,666.32086
BuildingB_233,10/1/2025 16:00,631.0579
BuildingB_234,10/1/2025 17:00,445.1138
BuildingB_235,10/1/2025 18:00,0.0
BuildingB_236,10/1/2025 19:00,0.08999987
BuildingB_237,10/1/2025 20:00,0.08999987
BuildingB_238,10/1/2025 21:00,0.08999987
BuildingB_239,10/1/2025 22:00,0.08999987
BuildingB_240,10/1/2025 23:00,0.08999987
BuildingB_241,11/1/2025 0:00,0.09273881
BuildingB_242,11/1/2025 1:00,0.09273881
BuildingB_243,11/1/2025 2:00,0.09273881
BuildingB_244,11/1/2025 3:00,0.09273881
BuildingB_245,11/1/2025 4:00,0.09273881
BuildingB_246,11/1/2025 5:00,0.09273881
BuildingB_247,11/1/2025 6:00,0.09273881
BuildingB_248,11/1/2025 7:00,0.07137531
BuildingB_249,11/1/2025 8:00,2.2579231
BuildingB_250,11/1/2025 9:00,0.0
BuildingB_251,11/1/2025 10:00,0.0
BuildingB_252,11/1/2025 11:00,1.1627058
BuildingB_253,11/1/2025 12:00,0.0
BuildingB_254,11/1/2025 13:00,0.0
BuildingB_255,11/1/2025 14:00,0.0
BuildingB_256,11/1/2025 15:00,1.2840585
BuildingB_257,11/1/2025 16:00,0.078865156
BuildingB_258,11/1/2025 17:00,3.0741606
BuildingB_259,11/1/2025 18:00,0.34798014
BuildingB_260,11/1/2025 19:00,0.08999987
BuildingB_261,11/1/2025 20:00,0.08999987
BuildingB_262,11/1/2025 21:00,0.08999987
BuildingB_263,11/1/2025 22:00,0.08999987
BuildingB_264,11/1/2025 23:00,0.08999987
BuildingB_265,12/1/2025 0:00,0.09273881
BuildingB_266,12/1/2025 1:00,0.09273881
BuildingB_267,12/1/2025 2:00,0.09273881
BuildingB_268,12/1/2025 3:00,0.09273881
BuildingB_269,12/1/2025 4:00,0.09273881
BuildingB_270,12/1/2025 5:00,0.09273881
BuildingB_271,12/1/2025 6:00,0.09273881
BuildingB_272,12/1/2025 7:00,0.07137531
BuildingB_273,12/1/2025 8:00,2.2579231
BuildingB_274,12/1/2025 9:00,0.0
BuildingB_275,12/1/2025 10:00,0.0
BuildingB_276,12/1/2025 11:00,1.1627058
BuildingB_277,12/1/2025 12:00,0.0
BuildingB_278,12/1/2025 13:00,0.0
BuildingB_279,12/1/2025 14:00,0.0
BuildingB_280,12/1/2025 15:00,1.2840585
BuildingB_281,12/1/2025 16:00,0.078865156
BuildingB_282,12/1/2025 17:00,3.0741606
BuildingB_283,12/1/2025 18:00,0.34798014
BuildingB_284,12/1/2025 19:00,0.08999987
BuildingB_285,12/1/2025 20:00,0.08999987
BuildingB_286,12/1/2025 21:00,0.08999987
BuildingB_287,12/1/2025 22:00,0.08999987
BuildingB_288,12/1/2025 23:00,0.08999987
BuildingB_289,13/1/2025 0:00,0.09273881
BuildingB_290,13/1/2025 1:00,0.09273881
BuildingB_291,13/1/2025 2:00,0.09273881
BuildingB_292,13/1/2025 3:00,0.09273881
BuildingB_293,13/1/2025 4:00,0.09273881
BuildingB_294,13/1/2025 5:00,0.09273881
BuildingB_295,13/1/2025 6:00,0.09273881
BuildingB_296,13/1/2025 7:00,0.10837096
BuildingB_297,13/1/2025 8:00,662.4266
BuildingB_298,13/1/2025 9:00,608.1981
BuildingB_299,13/1/2025 10:00,588.81366
BuildingB_300,13/1/2025 11:00,644.85846
BuildingB_301,13/1/2025 12:00,590.0227
BuildingB_302,13/1/2025 13:00,645.50616
BuildingB_303,13/1/2025 14:00,659.7892
BuildingB_304,13/1/2025 15:00,666.32086
BuildingB_305,13/1/2025 16:00,631.0579
BuildingB_306,13/1/2025 17:00,445.1138
BuildingB_307,13/1/2025 18:00,0.0
BuildingB_308,13/1/2025 19:00,0.08999987
BuildingB_309,13/1/2025 20:00,0.08999987
BuildingB_310,13/1/2025 21:00,0.08999987
BuildingB_311,13/1/2025 22:00,0.08999987
BuildingB_312,13/1/2025 23:00,0.08999987
BuildingB_313,14/1/2025 0:00,0.09273881
BuildingB_314,14/1/2025 1:00,0.09273881
BuildingB_315,14/1/2025 2:00,0.09273881
BuildingB_316,14/1/2025 3:00,0.09273881
BuildingB_317,14/1/2025 4:00,0.09273881
BuildingB_318,14/1/2025 5:00,0.09273881
BuildingB_319,14/1/2025 6:00,0.09273881
BuildingB_320,14/1/2025 7:00,0.10837096
BuildingB_321,14/1/2025 8:00,662.4266
BuildingB_322,14/1/2025 9:00,608.1981
BuildingB_323,14/1/2025 10:00,588.81366
BuildingB_324,14/1/2025 11:00,644.85846
BuildingB_325,14/1/2025 12:00,590.0227
BuildingB_326,14/1/2025 13:00,645.50616
BuildingB_327,14/1/2025 14:00,659.7892
BuildingB_328,14/1/2025 15:00,666.32086
BuildingB_329,14/1/2025 16:00,631.0579
BuildingB_330,14/1/2025 17:00,445.1138
BuildingB_331,14/1/2025 18:00,0.0
BuildingB_332,14/1/2025 19:00,0.08999987
BuildingB_333,14/1/2025 20:00,0.08999987
BuildingB_334,14/1/2025 21:00,0.08999987
BuildingB_335,14/1/2025 22:00,0.08999987
BuildingB_336,14/1/2025 23:00,0.08999987
BuildingB_337,15/1/2025 0:00,0.09273881
BuildingB_338,15/1/2025 1:00,0.09273881
BuildingB_339,15/1/2025 2:00,0.09273881
BuildingB_340,15/1/2025 3:00,0.09273881
BuildingB_341,15/1/2025 4:00,0.09273881
BuildingB_342,15/1/2025 5:00,0.09273881
BuildingB_343,15/1/2025 6:00,0.09273881
BuildingB_344,15/1/2025 7:00,0.10837096
BuildingB_345,15/1/2025 8:00,662.4266
BuildingB_346,15/1/2025 9:00,608.1981
BuildingB_347,15/1/2025 10:00,588.81366
BuildingB_348,15/1/2025 11:00,644.85846
BuildingB_349,15/1/2025 12:00,590.0227
BuildingB_350,15/1/2025 13:00,645.50616
BuildingB_351,15/1/2025 14:00,659.7892
BuildingB_352,15/1/2025 15:00,666.32086
BuildingB_353,15/1/2025 16:00,631.0579
BuildingB_354,15/1/2025 17:00,445.1138
BuildingB_355,15/1/2025 18:00,0.0
BuildingB_356,15/1/2025 19:00,0.08999987
BuildingB_357,15/1/2025 20:00,0.08999987
BuildingB_358,15/1/2025 21:00,0.08999987
BuildingB_359,15/1/2025 22:00,0.08999987
BuildingB_360,15/1/2025 23:00,0.08999987
BuildingB_361,16/1/2025 0:00,0.09273881
BuildingB_362,16/1/2025 1:00,0.09273881
BuildingB_363,16/1/2025 2:00,0.09273881
BuildingB_364,16/1/2025 3:00,0.09273881
BuildingB_365,16/1/2025 4:00,0.09273881
BuildingB_366,16/1/2025 5:00,0.09273881
BuildingB_367,16/1/2025 6:00,0.09273881
BuildingB_368,16/1/2025 7:00,0.10837096
BuildingB_369,16/1/2025 8:00,662.4266
BuildingB_370,16/1/2025 9:00,608.1981
BuildingB_371,16/1/2025 10:00,588.81366
BuildingB_372,16/1/2025 11:00,644.85846
BuildingB_373,16/1/2025 12:00,590.0227
BuildingB_374,16/1/2025 13:00,645.50616
BuildingB_375,16/1/2025 14:00,659.7892
BuildingB_376,16/1/2025 15:00,666.32086
BuildingB_377,16/1/2025 16:00,631.0579
BuildingB_378,16/1/2025 17:00,445.1138
BuildingB_379,16/1/2025 18:00,0.0
BuildingB_380,16/1/2025 19:00,0.08999987
BuildingB_381,16/1/2025 20:00,0.08999987
BuildingB_382,16/1/2025 21:00,0.08999987
BuildingB_383,16/1/2025 22:00,0.08999987
BuildingB_384,16/1/2025 23:00,0.08999987
BuildingB_385,17/1/2025 0:00,0.09273881
BuildingB_386,17/1/2025 1:00,0.09273881
BuildingB_387,17/1/2025 2:00,0.09273881
BuildingB_388,17/1/2025 3:00,0.09273881
BuildingB_389,17/1/2025 4:00,0.09273881
BuildingB_390,17/1/2025 5:00,0.09273881
BuildingB_391,17/1/2025 6:00,0.09273881
BuildingB_392,17/1/2025 7:00,0.10837096
BuildingB_393,17/1/2025 8:00,662.4266
BuildingB_394,17/1/2025 9:00,608.1981
BuildingB_395,17/1/2025 10:00,588.81366
BuildingB_396,17/1/2025 11:00,644.85846
BuildingB_397,17/1/2025 12:00,590.0227
BuildingB_398,17/1/2025 13:00,645.50616
BuildingB_399,17/1/2025 14:00,659.7892
BuildingB_400,17/1/2025 15:00,666.32086
BuildingB_401,17/1/2025 16:00,631.0579
BuildingB_402,17/1/2025 17:00,445.1138
BuildingB_403,17/1/2025 18:00,0.0
BuildingB_404,17/1/2025 19:00,0.08999987
BuildingB_405,17/1/2025 20:00,0.08999987
BuildingB_406,17/1/2025 21:00,0.08999987
BuildingB_407,17/1/2025 22:00,0.08999987
BuildingB_408,17/1/2025 23:00,0.08999987
BuildingB_409,18/1/2025 0:00,0.09273881
BuildingB_410,18/1/2025 1:00,0.09273881
BuildingB_411,18/1/2025 2:00,0.09273881
BuildingB_412,18/1/2025 3:00,0.09273881
BuildingB_413,18/1/2025 4:00,0.09273881
BuildingB_414,18/1/2025 5:00,0.09273881
BuildingB_415,18/1/2025 6:00,0.09273881
BuildingB_416,18/1/2025 7:00,0.07137531
BuildingB_417,18/1/2025 8:00,2.2579231
BuildingB_418,18/1/2025 9:00,0.0
BuildingB_419,18/1/2025 10:00,0.0
BuildingB_420,18/1/2025 11:00,1.1627058
BuildingB_421,18/1/2025 12:00,0.0
BuildingB_422,18/1/2025 13:00,0.0
BuildingB_423,18/1/2025 14:00,0.0
BuildingB_424,18/1/2025 15:00,1.2840585
BuildingB_425,18/1/2025 16:00,0.078865156
BuildingB_426,18/1/2025 17:00,3.0741606
BuildingB_427,18/1/2025 18:00,0.34798014
BuildingB_428,18/1/2025 19:00,0.08999987
BuildingB_429,18/1/2025 20:00,0.08999987
BuildingB_430,18/1/2025 21:00,0.08999987
BuildingB_431,18/1/2025 22:00,0.08999987
BuildingB_432,18/1/2025 23:00,0.08999987
BuildingB_433,19/1/2025 0:00,0.09273881
BuildingB_434,19/1/2025 1:00,0.09273881
BuildingB_435,19/1/2025 2:00,0.09273881
BuildingB_436,19/1/2025 3:00,0.09273881
BuildingB_437,19/1/2025 4:00,0.09273881
BuildingB_438,19/1/2025 5:00,0.09273881
BuildingB_439,19/1/2025 6:00,0.09273881
BuildingB_440,19/1/2025 7:00,0.07137531
BuildingB_441,19/1/2025 8:00,2.2579231
BuildingB_442,19/1/2025 9:00,0.0
BuildingB_443,19/1/2025 10:00,0.0
BuildingB_444,19/1/2025 11:00,1.1627058
BuildingB_445,19/1/2025 12:00,0.0
BuildingB_446,19/1/2025 13:00,0.0
BuildingB_447,19/1/2025 14:00,0.0
BuildingB_448,19/1/2025 15:00,1.2840585
BuildingB_449,19/1/2025 16:00,0.078865156
BuildingB_450,19/1/2025 17:00,3.0741606
BuildingB_451,19/1/2025 18:00,0.34798014
BuildingB_452,19/1/2025 19:00,0.08999987
BuildingB_453,19/1/2025 20:00,0.08999987
BuildingB_454,19/1/2025 21:00,0.08999987
BuildingB_455,19/1/2025 22:00,0.08999987
BuildingB_456,19/1/2025 23:00,0.08999987
BuildingB_457,20/1/2025 0:00,0.09273881
BuildingB_458,20/1/2025 1:00,0.09273881
BuildingB_459,20/1/2025 2:00,0.09273881
BuildingB_460,20/1/2025 3:00,0.09273881
BuildingB_461,20/1/2025 4:00,0.09273881
BuildingB_462,20/1/2025 5:00,0.09273881
BuildingB_463,20/1/2025 6:00,0.09273881
BuildingB_464,20/1/2025 7:00,0.10837096
BuildingB_465,20/1/2025 8:00,662.4266
BuildingB_466,20/1/2025 9:00,608.1981
BuildingB_467,20/1/2025 10:00,588.81366
BuildingB_468,20/1/2025 11:00,644.85846
BuildingB_469,20/1/2025 12:00,590.0227
BuildingB_470,20/1/2025 13:00,645.50616
BuildingB_471,20/1/2025 14:00,659.7892
BuildingB_472,20/1/2025 15:00,666.32086
BuildingB_473,20/1/2025 16:00,631.0579
BuildingB_474,20/1/2025 17:00,445.1138
BuildingB_475,20/1/2025 18:00,0.0
BuildingB_476,20/1/2025 19:00,0.08999987
BuildingB_477,20/1/2025 20:00,0.08999987
BuildingB_478,20/1/2025 21:00,0.08999987
BuildingB_479,20/1/2025 22:00,0.08999987
BuildingB_480,20/1/2025 23:00,0.08999987
BuildingB_481,21/1/2025 0:00,0.09273881
BuildingB_482,21/1/2025 1:00,0.09273881
BuildingB_483,21/1/2025 2:00,0.09273881
BuildingB_484,21/1/2025 3:00,0.09273881
BuildingB_485,21/1/2025 4:00,0.09273881
BuildingB_486,21/1/2025 5:00,0.09273881
BuildingB_487,21/1/2025 6:00,0.09273881
BuildingB_488,21/1/2025 7:00,0.10837096
BuildingB_489,21/1/2025 8:00,662.4266
BuildingB_490,21/1/2025 9:00,608.1981
BuildingB_491,21/1/2025 10:00,588.81366
BuildingB_492,21/1/2025 11:00,644.85846
BuildingB_493,21/1/2025 12:00,590.0227
BuildingB_494,21/1/2025 13:00,645.50616
BuildingB_495,21/1/2025 14:00,659.7892
BuildingB_496,21/1/2025 15:00,666.32086
BuildingB_497,21/1/2025 16:00,631.0579
BuildingB_498,21/1/2025 17:00,445.1138
BuildingB_499,21/1/2025 18:00,0.0
BuildingB_500,21/1/2025 19:00,0.08999987
BuildingB_501,21/1/2025 20:00,0.08999987
BuildingB_502,21/1/2025 21:00,0.08999987
BuildingB_503,21/1/2025 22:00,0.08999987
BuildingB_504,21/1/2025 23:00,0.08999987
BuildingB_505,22/1/2025 0:00,0.09273881
BuildingB_506,22/1/2025 1:00,0.09273881
BuildingB_507,22/1/2025 2:00,0.09273881
BuildingB_508,22/1/2025 3:00,0.09273881
BuildingB_509,22/1/2025 4:00,0.09273881
BuildingB_510,22/1/2025 5:00,0.09273881
BuildingB_511,22/1/2025 6:00,0.09273881
BuildingB_512,22/1/2025 7:00,0.10837096
BuildingB_513,22/1/2025 8:00,662.4266
BuildingB_514,22/1/2025 9:00,608.1981
BuildingB_515,22/1/2025 10:00,588.81366
BuildingB_516,22/1/2025 11:00,644.85846
BuildingB_517,22/1/2025 12:00,590.0227
BuildingB_518,22/1/2025 13:00,645.50616
BuildingB_519,22/1/2025 14:00,659.7892
BuildingB_520,22/1/2025 15:00,666.32086
BuildingB_521,22/1/2025 16:00,631.0579
BuildingB_522,22/1/2025 17:00,445.1138
BuildingB_523,22/1/2025 18:00,0.0
BuildingB_524,22/1/2025 19:00,0.08999987
BuildingB_525,22/1/2025 20:00,0.08999987
BuildingB_526,22/1/2025 21:00,0.08999987
BuildingB_527,22/1/2025 22:00,0.08999987
BuildingB_528,22/1/2025 23:00,0.08999987
BuildingB_529,23/1/2025 0:00,0.09273881
BuildingB_530,23/1/2025 1:00,0.09273881
BuildingB_531,23/1/2025 2:00,0.09273881
BuildingB_532,23/1/2025 3:00,0.09273881
BuildingB_533,23/1/2025 4:00,0.09273881
BuildingB_534,23/1/2025 5:00,0.09273881
BuildingB_535,23/1/2025 6:00,0.09273881
BuildingB_536,23/1/2025 7:00,0.10837096
BuildingB_537,23/1/2025 8:00,662.4266
BuildingB_538,23/1/2025 9:00,608.1981
BuildingB_539,23/1/2025 10:00,588.81366
BuildingB_540,23/1/2025 11:00,644.85846
BuildingB_541,23/1/2025 12:00,590.0227
BuildingB_542,23/1/2025 13:00,645.50616
BuildingB_543,23/1/2025 14:00,659.7892
BuildingB_544,23/1/2025 15:00,666.32086
BuildingB_545,23/1/2025 16:00,631.0579
BuildingB_546,23/1/2025 17:00,445.1138
BuildingB_547,23/1/2025 18:00,0.0
BuildingB_548,23/1/2025 19:00,0.08999987
BuildingB_549,23/1/2025 20:00,0.08999987
BuildingB_550,23/1/2025 21:00,0.08999987
BuildingB_551,23/1/2025 22:00,0.08999987
BuildingB_552,23/1/2025 23:00,0.08999987
BuildingB_553,24/1/2025 0:00,0.09273881
BuildingB_554,24/1/2025 1:00,0.09273881
BuildingB_555,24/1/2025 2:00,0.09273881
BuildingB_556,24/1/2025 3:00,0.09273881
BuildingB_557,24/1/2025 4:00,0.09273881
BuildingB_558,24/1/2025 5:00,0.09273881
BuildingB_559,24/1/2025 6:00,0.09273881
BuildingB_560,24/1/2025 7:00,0.10837096
BuildingB_561,24/1/2025 8:00,662.4266
BuildingB_562,24/1/2025 9:00,608.1981
BuildingB_563,24/1/2025 10:00,588.81366
BuildingB_564,24/1/2025 11:00,644.85846
BuildingB_565,24/1/2025 12:00,590.0227
BuildingB_566,24/1/2025 13:00,645.50616
BuildingB_567,24/1/2025 14:00,659.7892
BuildingB_568,24/1/2025 15:00,666.32086
BuildingB_569,24/1/2025 16:00,631.0579
BuildingB_570,24/1/2025 17:00,445.1138
BuildingB_571,24/1/2025 18:00,0.0
BuildingB_572,24/1/2025 19:00,0.08999987
BuildingB_573,24/1/2025 20:00,0.08999987
BuildingB_574,24/1/2025 21:00,0.08999987
BuildingB_575,24/1/2025 22:00,0.08999987
BuildingB_576,24/1/2025 23:00,0.08999987
BuildingB_577,25/1/2025 0:00,0.09273881
BuildingB_578,25/1/2025 1:00,0.09273881
BuildingB_579,25/1/2025 2:00,0.09273881
BuildingB_580,25/1/2025 3:00,0.09273881
BuildingB_581,25/1/2025 4:00,0.09273881
BuildingB_582,25/1/2025 5:00,0.09273881
BuildingB_583,25/1/2025 6:00,0.09273881
BuildingB_584,25/1/2025 7:00,0.07137531
BuildingB_585,25/1/2025 8:00,2.2579231
BuildingB_586,25/1/2025 9:00,0.0
BuildingB_587,25/1/2025 10:00,0.0
BuildingB_588,25/1/2025 11:00,1.1627058
BuildingB_589,25/1/2025 12:00,0.0
BuildingB_590,25/1/2025 13:00,0.0
BuildingB_591,25/1/2025 14:00,0.0
BuildingB_592,25/1/2025 15:00,1.2840585
BuildingB_593,25/1/2025 16:00,0.078865156
BuildingB_594,25/1/2025 17:00,3.0741606
BuildingB_595,25/1/2025 18:00,0.34798014
BuildingB_596,25/1/2025 19:00,0.08999987
BuildingB_597,25/1/2025 20:00,0.08999987
BuildingB_598,25/1/2025 21:00,0.08999987
BuildingB_599,25/1/2025 22:00,0.08999987
BuildingB_600,25/1/2025 23:00,0.08999987
BuildingB_601,26/1/2025 0:00,0.09273881
BuildingB_602,26/1/2025 1:00,0.09273881
BuildingB_603,26/1/2025 2:00,0.09273881
BuildingB_604,26/1/2025 3:00,0.09273881
BuildingB_605,26/1/2025 4:00,0.09273881
BuildingB_606,26/1/2025 5:00,0.09273881
BuildingB_607,26/1/2025 6:00,0.09273881
BuildingB_608,26/1/2025 7:00,0.07137531
BuildingB_609,26/1/2025 8:00,2.2579231
BuildingB_610,26/1/2025 9:00,0.0
BuildingB_611,26/1/2025 10:00,0.0
BuildingB_612,26/1/2025 11:00,1.1627058
BuildingB_613,26/1/2025 12:00,0.0
BuildingB_614,26/1/2025 13:00,0.0
BuildingB_615,26/1/2025 14:00,0.0
BuildingB_616,26/1/2025 15:00,1.2840585
BuildingB_617,26/1/2025 16:00,0.078865156
BuildingB_618,26/1/2025 17:00,3.0741606
BuildingB_619,26/1/2025 18:00,0.34798014
BuildingB_620,26/1/2025 19:00,0.08999987
BuildingB_621,26/1/2025 20:00,0.08999987
BuildingB_622,26/1/2025 21:00,0.08999987
BuildingB_623,26/1/2025 22:00,0.08999987
BuildingB_624,26/1/2025 23:00,0.08999987
BuildingB_625,27/1/2025 0:00,0.09273881
BuildingB_626,27/1/2025 1:00,0.09273881
BuildingB_627,27/1/2025 2:00,0.09273881
BuildingB_628,27/1/2025 3:00,0.09273881
BuildingB_629,27/1/2025 4:00,0.09273881
BuildingB_630,27/1/2025 5:00,0.09273881
BuildingB_631,27/1/2025 6:00,0.09273881
BuildingB_632,27/1/2025 7:00,0.10837096
BuildingB_633,27/1/2025 8:00,662.4266
BuildingB_634,27/1/2025 9:00,608.1981
BuildingB_635,27/1/2025 10:00,588.81366
BuildingB_636,27/1/2025 11:00,644.85846
BuildingB_637,27/1/2025 12:00,590.0227
BuildingB_638,27/1/2025 13:00,645.50616
BuildingB_639,27/1/2025 14:00,659.7892
BuildingB_640,27/1/2025 15:00,666.32086
BuildingB_641,27/1/2025 16:00,631.0579
BuildingB_642,27/1/2025 17:00,445.1138
BuildingB_643,27/1/2025 18:00,0.0
BuildingB_644,27/1/2025 19:00,0.08999987
BuildingB_645,27/1/2025 20:00,0.08999987
BuildingB_646,27/1/2025 21:00,0.08999987
BuildingB_647,27/1/2025 22:00,0.08999987
BuildingB_648,27/1/2025 23:00,0.08999987
BuildingB_649,28/1/2025 0:00,0.09273881
BuildingB_650,28/1/2025 1:00,0.09273881
BuildingB_651,28/1/2025 2:00,0.09273881
BuildingB_652,28/1/2025 3:00,0.09273881
BuildingB_653,28/1/2025 4:00,0.09273881
BuildingB_654,28/1/2025 5:00,0.09273881
BuildingB_655,28/1/2025 6:00,0.09273881
BuildingB_656,28/1/2025 7:00,0.10837096
BuildingB_657,28/1/2025 8:00,662.4266
BuildingB_658,28/1/2025 9:00,608.1981
BuildingB_659,28/1/2025 10:00,588.81366
BuildingB_660,28/1/2025 11:00,644.85846
BuildingB_661,28/1/2025 12:00,590.0227
BuildingB_662,28/1/2025 13:00,645.50616
BuildingB_663,28/1/2025 14:00,659.7892
BuildingB_664,28/1/2025 15:00,666.32086
BuildingB_665,28/1/2025 16:00,631.0579
BuildingB_666,28/1/2025 17:00,445.1138
BuildingB_667,28/1/2025 18:00,0.0
BuildingB_668,28/1/2025 19:00,0.08999987
BuildingB_669,28/1/2025 20:00,0.08999987
BuildingB_670,28/1/2025 21:00,0.08999987
BuildingB_671,28/1/2025 22:00,0.08999987
BuildingB_672,28/1/2025 23:00,0.08999987
BuildingB_673,29/1/2025 0:00,0.09273881
BuildingB_674,29/1/2025 1:00,0.09273881
BuildingB_675,29/1/2025 2:00,0.09273881
BuildingB_676,29/1/2025 3:00,0.09273881
BuildingB_677,29/1/2025 4:00,0.09273881
BuildingB_678,29/1/2025 5:00,0.09273881
BuildingB_679,29/1/2025 6:00,0.09273881
BuildingB_680,29/1/2025 7:00,0.10837096
BuildingB_681,29/1/2025 8:00,662.4266
BuildingB_682,29/1/2025 9:00,608.1981
BuildingB_683,29/1/2025 10:00,588.81366
BuildingB_684,29/1/2025 11:00,644.85846
BuildingB_685,29/1/2025 12:00,590.0227
BuildingB_686,29/1/2025 13:00,645.50616
BuildingB_687,29/1/2025 14:00,659.7892
BuildingB_688,29/1/2025 15:00,666.32086
BuildingB_689,29/1/2025 16:00,631.0579
BuildingB_690,29/1/2025 17:00,445.1138
BuildingB_691,29/1/2025 18:00,0.0
BuildingB_692,29/1/2025 19:00,0.08999987
BuildingB_693,29/1/2025 20:00,0.08999987
BuildingB_694,29/1/2025 21:00,0.08999987
BuildingB_695,29/1/2025 22:00,0.08999987
BuildingB_696,29/1/2025 23:00,0.08999987
BuildingB_697,30/1/2025 0:00,0.09273881
BuildingB_698,30/1/2025 1:00,0.09273881
BuildingB_699,30/1/2025 2:00,0.09273881
BuildingB_700,30/1/2025 3:00,0.09273881
BuildingB_701,30/1/2025 4:00,0.09273881
BuildingB_702,30/1/2025 5:00,0.09273881
BuildingB_703,30/1/2025 6:00,0.09273881
BuildingB_704,30/1/2025 7:00,0.10837096
BuildingB_705,30/1/2025 8:00,662.4266
BuildingB_706,30/1/2025 9:00,608.1981
BuildingB_707,30/1/2025 10:00,588.81366
BuildingB_708,30/1/2025 11:00,644.85846
BuildingB_709,30/1/2025 12:00,590.0227
BuildingB_710,30/1/2025 13:00,645.50616
BuildingB_711,30/1/2025 14:00,659.7892
BuildingB_712,30/1/2025 15:00,666.32086
BuildingB_713,30/1/2025 16:00,631.0579
BuildingB_714,30/1/2025 17:00,445.1138
BuildingB_715,30/1/2025 18:00,0.0
BuildingB_716,30/1/2025 19:00,0.08999987
BuildingB_717,30/1/2025 20:00,0.08999987
BuildingB_718,30/1/2025 21:00,0.08999987
BuildingB_719,30/1/2025 22:00,0.08999987
BuildingB_720,30/1/2025 23:00,0.08999987
