﻿building_id,prediction_time,predicted_load
BuildingA_1,1/1/2025 0:00,
BuildingA_2,1/1/2025 1:00,
BuildingA_3,1/1/2025 2:00,
BuildingA_4,1/1/2025 3:00,
BuildingA_5,1/1/2025 4:00,
BuildingA_6,1/1/2025 5:00,
BuildingA_7,1/1/2025 6:00,
BuildingA_8,1/1/2025 7:00,
BuildingA_9,1/1/2025 8:00,
BuildingA_10,1/1/2025 9:00,
BuildingA_11,1/1/2025 10:00,
BuildingA_12,1/1/2025 11:00,
BuildingA_13,1/1/2025 12:00,
BuildingA_14,1/1/2025 13:00,
BuildingA_15,1/1/2025 14:00,
BuildingA_16,1/1/2025 15:00,
BuildingA_17,1/1/2025 16:00,
BuildingA_18,1/1/2025 17:00,
BuildingA_19,1/1/2025 18:00,
BuildingA_20,1/1/2025 19:00,
BuildingA_21,1/1/2025 20:00,
BuildingA_22,1/1/2025 21:00,
BuildingA_23,1/1/2025 22:00,
BuildingA_24,1/1/2025 23:00,
BuildingA_25,2/1/2025 0:00,
BuildingA_26,2/1/2025 1:00,
BuildingA_27,2/1/2025 2:00,
BuildingA_28,2/1/2025 3:00,
BuildingA_29,2/1/2025 4:00,
BuildingA_30,2/1/2025 5:00,
BuildingA_31,2/1/2025 6:00,
BuildingA_32,2/1/2025 7:00,
BuildingA_33,2/1/2025 8:00,
BuildingA_34,2/1/2025 9:00,
BuildingA_35,2/1/2025 10:00,
BuildingA_36,2/1/2025 11:00,
BuildingA_37,2/1/2025 12:00,
BuildingA_38,2/1/2025 13:00,
BuildingA_39,2/1/2025 14:00,
BuildingA_40,2/1/2025 15:00,
BuildingA_41,2/1/2025 16:00,
BuildingA_42,2/1/2025 17:00,
BuildingA_43,2/1/2025 18:00,
BuildingA_44,2/1/2025 19:00,
BuildingA_45,2/1/2025 20:00,
BuildingA_46,2/1/2025 21:00,
BuildingA_47,2/1/2025 22:00,
BuildingA_48,2/1/2025 23:00,
BuildingA_49,3/1/2025 0:00,
BuildingA_50,3/1/2025 1:00,
BuildingA_51,3/1/2025 2:00,
BuildingA_52,3/1/2025 3:00,
BuildingA_53,3/1/2025 4:00,
BuildingA_54,3/1/2025 5:00,
BuildingA_55,3/1/2025 6:00,
BuildingA_56,3/1/2025 7:00,
BuildingA_57,3/1/2025 8:00,
BuildingA_58,3/1/2025 9:00,
BuildingA_59,3/1/2025 10:00,
BuildingA_60,3/1/2025 11:00,
BuildingA_61,3/1/2025 12:00,
BuildingA_62,3/1/2025 13:00,
BuildingA_63,3/1/2025 14:00,
BuildingA_64,3/1/2025 15:00,
BuildingA_65,3/1/2025 16:00,
BuildingA_66,3/1/2025 17:00,
BuildingA_67,3/1/2025 18:00,
BuildingA_68,3/1/2025 19:00,
BuildingA_69,3/1/2025 20:00,
BuildingA_70,3/1/2025 21:00,
BuildingA_71,3/1/2025 22:00,
BuildingA_72,3/1/2025 23:00,
BuildingA_73,4/1/2025 0:00,
BuildingA_74,4/1/2025 1:00,
BuildingA_75,4/1/2025 2:00,
BuildingA_76,4/1/2025 3:00,
BuildingA_77,4/1/2025 4:00,
BuildingA_78,4/1/2025 5:00,
BuildingA_79,4/1/2025 6:00,
BuildingA_80,4/1/2025 7:00,
BuildingA_81,4/1/2025 8:00,
BuildingA_82,4/1/2025 9:00,
BuildingA_83,4/1/2025 10:00,
BuildingA_84,4/1/2025 11:00,
BuildingA_85,4/1/2025 12:00,
BuildingA_86,4/1/2025 13:00,
BuildingA_87,4/1/2025 14:00,
BuildingA_88,4/1/2025 15:00,
BuildingA_89,4/1/2025 16:00,
BuildingA_90,4/1/2025 17:00,
BuildingA_91,4/1/2025 18:00,
BuildingA_92,4/1/2025 19:00,
BuildingA_93,4/1/2025 20:00,
BuildingA_94,4/1/2025 21:00,
BuildingA_95,4/1/2025 22:00,
BuildingA_96,4/1/2025 23:00,
BuildingA_97,5/1/2025 0:00,
BuildingA_98,5/1/2025 1:00,
BuildingA_99,5/1/2025 2:00,
BuildingA_100,5/1/2025 3:00,
BuildingA_101,5/1/2025 4:00,
BuildingA_102,5/1/2025 5:00,
BuildingA_103,5/1/2025 6:00,
BuildingA_104,5/1/2025 7:00,
BuildingA_105,5/1/2025 8:00,
BuildingA_106,5/1/2025 9:00,
BuildingA_107,5/1/2025 10:00,
BuildingA_108,5/1/2025 11:00,
BuildingA_109,5/1/2025 12:00,
BuildingA_110,5/1/2025 13:00,
BuildingA_111,5/1/2025 14:00,
BuildingA_112,5/1/2025 15:00,
BuildingA_113,5/1/2025 16:00,
BuildingA_114,5/1/2025 17:00,
BuildingA_115,5/1/2025 18:00,
BuildingA_116,5/1/2025 19:00,
BuildingA_117,5/1/2025 20:00,
BuildingA_118,5/1/2025 21:00,
BuildingA_119,5/1/2025 22:00,
BuildingA_120,5/1/2025 23:00,
BuildingA_121,6/1/2025 0:00,
BuildingA_122,6/1/2025 1:00,
BuildingA_123,6/1/2025 2:00,
BuildingA_124,6/1/2025 3:00,
BuildingA_125,6/1/2025 4:00,
BuildingA_126,6/1/2025 5:00,
BuildingA_127,6/1/2025 6:00,
BuildingA_128,6/1/2025 7:00,
BuildingA_129,6/1/2025 8:00,
BuildingA_130,6/1/2025 9:00,
BuildingA_131,6/1/2025 10:00,
BuildingA_132,6/1/2025 11:00,
BuildingA_133,6/1/2025 12:00,
BuildingA_134,6/1/2025 13:00,
BuildingA_135,6/1/2025 14:00,
BuildingA_136,6/1/2025 15:00,
BuildingA_137,6/1/2025 16:00,
BuildingA_138,6/1/2025 17:00,
BuildingA_139,6/1/2025 18:00,
BuildingA_140,6/1/2025 19:00,
BuildingA_141,6/1/2025 20:00,
BuildingA_142,6/1/2025 21:00,
BuildingA_143,6/1/2025 22:00,
BuildingA_144,6/1/2025 23:00,
BuildingA_145,7/1/2025 0:00,
BuildingA_146,7/1/2025 1:00,
BuildingA_147,7/1/2025 2:00,
BuildingA_148,7/1/2025 3:00,
BuildingA_149,7/1/2025 4:00,
BuildingA_150,7/1/2025 5:00,
BuildingA_151,7/1/2025 6:00,
BuildingA_152,7/1/2025 7:00,
BuildingA_153,7/1/2025 8:00,
BuildingA_154,7/1/2025 9:00,
BuildingA_155,7/1/2025 10:00,
BuildingA_156,7/1/2025 11:00,
BuildingA_157,7/1/2025 12:00,
BuildingA_158,7/1/2025 13:00,
BuildingA_159,7/1/2025 14:00,
BuildingA_160,7/1/2025 15:00,
BuildingA_161,7/1/2025 16:00,
BuildingA_162,7/1/2025 17:00,
BuildingA_163,7/1/2025 18:00,
BuildingA_164,7/1/2025 19:00,
BuildingA_165,7/1/2025 20:00,
BuildingA_166,7/1/2025 21:00,
BuildingA_167,7/1/2025 22:00,
BuildingA_168,7/1/2025 23:00,
BuildingA_169,8/1/2025 0:00,
BuildingA_170,8/1/2025 1:00,
BuildingA_171,8/1/2025 2:00,
BuildingA_172,8/1/2025 3:00,
BuildingA_173,8/1/2025 4:00,
BuildingA_174,8/1/2025 5:00,
BuildingA_175,8/1/2025 6:00,
BuildingA_176,8/1/2025 7:00,
BuildingA_177,8/1/2025 8:00,
BuildingA_178,8/1/2025 9:00,
BuildingA_179,8/1/2025 10:00,
BuildingA_180,8/1/2025 11:00,
BuildingA_181,8/1/2025 12:00,
BuildingA_182,8/1/2025 13:00,
BuildingA_183,8/1/2025 14:00,
BuildingA_184,8/1/2025 15:00,
BuildingA_185,8/1/2025 16:00,
BuildingA_186,8/1/2025 17:00,
BuildingA_187,8/1/2025 18:00,
BuildingA_188,8/1/2025 19:00,
BuildingA_189,8/1/2025 20:00,
BuildingA_190,8/1/2025 21:00,
BuildingA_191,8/1/2025 22:00,
BuildingA_192,8/1/2025 23:00,
BuildingA_193,9/1/2025 0:00,
BuildingA_194,9/1/2025 1:00,
BuildingA_195,9/1/2025 2:00,
BuildingA_196,9/1/2025 3:00,
BuildingA_197,9/1/2025 4:00,
BuildingA_198,9/1/2025 5:00,
BuildingA_199,9/1/2025 6:00,
BuildingA_200,9/1/2025 7:00,
BuildingA_201,9/1/2025 8:00,
BuildingA_202,9/1/2025 9:00,
BuildingA_203,9/1/2025 10:00,
BuildingA_204,9/1/2025 11:00,
BuildingA_205,9/1/2025 12:00,
BuildingA_206,9/1/2025 13:00,
BuildingA_207,9/1/2025 14:00,
BuildingA_208,9/1/2025 15:00,
BuildingA_209,9/1/2025 16:00,
BuildingA_210,9/1/2025 17:00,
BuildingA_211,9/1/2025 18:00,
BuildingA_212,9/1/2025 19:00,
BuildingA_213,9/1/2025 20:00,
BuildingA_214,9/1/2025 21:00,
BuildingA_215,9/1/2025 22:00,
BuildingA_216,9/1/2025 23:00,
BuildingA_217,10/1/2025 0:00,
BuildingA_218,10/1/2025 1:00,
BuildingA_219,10/1/2025 2:00,
BuildingA_220,10/1/2025 3:00,
BuildingA_221,10/1/2025 4:00,
BuildingA_222,10/1/2025 5:00,
BuildingA_223,10/1/2025 6:00,
BuildingA_224,10/1/2025 7:00,
BuildingA_225,10/1/2025 8:00,
BuildingA_226,10/1/2025 9:00,
BuildingA_227,10/1/2025 10:00,
BuildingA_228,10/1/2025 11:00,
BuildingA_229,10/1/2025 12:00,
BuildingA_230,10/1/2025 13:00,
BuildingA_231,10/1/2025 14:00,
BuildingA_232,10/1/2025 15:00,
BuildingA_233,10/1/2025 16:00,
BuildingA_234,10/1/2025 17:00,
BuildingA_235,10/1/2025 18:00,
BuildingA_236,10/1/2025 19:00,
BuildingA_237,10/1/2025 20:00,
BuildingA_238,10/1/2025 21:00,
BuildingA_239,10/1/2025 22:00,
BuildingA_240,10/1/2025 23:00,
BuildingA_241,11/1/2025 0:00,
BuildingA_242,11/1/2025 1:00,
BuildingA_243,11/1/2025 2:00,
BuildingA_244,11/1/2025 3:00,
BuildingA_245,11/1/2025 4:00,
BuildingA_246,11/1/2025 5:00,
BuildingA_247,11/1/2025 6:00,
BuildingA_248,11/1/2025 7:00,
BuildingA_249,11/1/2025 8:00,
BuildingA_250,11/1/2025 9:00,
BuildingA_251,11/1/2025 10:00,
BuildingA_252,11/1/2025 11:00,
BuildingA_253,11/1/2025 12:00,
BuildingA_254,11/1/2025 13:00,
BuildingA_255,11/1/2025 14:00,
BuildingA_256,11/1/2025 15:00,
BuildingA_257,11/1/2025 16:00,
BuildingA_258,11/1/2025 17:00,
BuildingA_259,11/1/2025 18:00,
BuildingA_260,11/1/2025 19:00,
BuildingA_261,11/1/2025 20:00,
BuildingA_262,11/1/2025 21:00,
BuildingA_263,11/1/2025 22:00,
BuildingA_264,11/1/2025 23:00,
BuildingA_265,12/1/2025 0:00,
BuildingA_266,12/1/2025 1:00,
BuildingA_267,12/1/2025 2:00,
BuildingA_268,12/1/2025 3:00,
BuildingA_269,12/1/2025 4:00,
BuildingA_270,12/1/2025 5:00,
BuildingA_271,12/1/2025 6:00,
BuildingA_272,12/1/2025 7:00,
BuildingA_273,12/1/2025 8:00,
BuildingA_274,12/1/2025 9:00,
BuildingA_275,12/1/2025 10:00,
BuildingA_276,12/1/2025 11:00,
BuildingA_277,12/1/2025 12:00,
BuildingA_278,12/1/2025 13:00,
BuildingA_279,12/1/2025 14:00,
BuildingA_280,12/1/2025 15:00,
BuildingA_281,12/1/2025 16:00,
BuildingA_282,12/1/2025 17:00,
BuildingA_283,12/1/2025 18:00,
BuildingA_284,12/1/2025 19:00,
BuildingA_285,12/1/2025 20:00,
BuildingA_286,12/1/2025 21:00,
BuildingA_287,12/1/2025 22:00,
BuildingA_288,12/1/2025 23:00,
BuildingA_289,13/1/2025 0:00,
BuildingA_290,13/1/2025 1:00,
BuildingA_291,13/1/2025 2:00,
BuildingA_292,13/1/2025 3:00,
BuildingA_293,13/1/2025 4:00,
BuildingA_294,13/1/2025 5:00,
BuildingA_295,13/1/2025 6:00,
BuildingA_296,13/1/2025 7:00,
BuildingA_297,13/1/2025 8:00,
BuildingA_298,13/1/2025 9:00,
BuildingA_299,13/1/2025 10:00,
BuildingA_300,13/1/2025 11:00,
BuildingA_301,13/1/2025 12:00,
BuildingA_302,13/1/2025 13:00,
BuildingA_303,13/1/2025 14:00,
BuildingA_304,13/1/2025 15:00,
BuildingA_305,13/1/2025 16:00,
BuildingA_306,13/1/2025 17:00,
BuildingA_307,13/1/2025 18:00,
BuildingA_308,13/1/2025 19:00,
BuildingA_309,13/1/2025 20:00,
BuildingA_310,13/1/2025 21:00,
BuildingA_311,13/1/2025 22:00,
BuildingA_312,13/1/2025 23:00,
BuildingA_313,14/1/2025 0:00,
BuildingA_314,14/1/2025 1:00,
BuildingA_315,14/1/2025 2:00,
BuildingA_316,14/1/2025 3:00,
BuildingA_317,14/1/2025 4:00,
BuildingA_318,14/1/2025 5:00,
BuildingA_319,14/1/2025 6:00,
BuildingA_320,14/1/2025 7:00,
BuildingA_321,14/1/2025 8:00,
BuildingA_322,14/1/2025 9:00,
BuildingA_323,14/1/2025 10:00,
BuildingA_324,14/1/2025 11:00,
BuildingA_325,14/1/2025 12:00,
BuildingA_326,14/1/2025 13:00,
BuildingA_327,14/1/2025 14:00,
BuildingA_328,14/1/2025 15:00,
BuildingA_329,14/1/2025 16:00,
BuildingA_330,14/1/2025 17:00,
BuildingA_331,14/1/2025 18:00,
BuildingA_332,14/1/2025 19:00,
BuildingA_333,14/1/2025 20:00,
BuildingA_334,14/1/2025 21:00,
BuildingA_335,14/1/2025 22:00,
BuildingA_336,14/1/2025 23:00,
BuildingA_337,15/1/2025 0:00,
BuildingA_338,15/1/2025 1:00,
BuildingA_339,15/1/2025 2:00,
BuildingA_340,15/1/2025 3:00,
BuildingA_341,15/1/2025 4:00,
BuildingA_342,15/1/2025 5:00,
BuildingA_343,15/1/2025 6:00,
BuildingA_344,15/1/2025 7:00,
BuildingA_345,15/1/2025 8:00,
BuildingA_346,15/1/2025 9:00,
BuildingA_347,15/1/2025 10:00,
BuildingA_348,15/1/2025 11:00,
BuildingA_349,15/1/2025 12:00,
BuildingA_350,15/1/2025 13:00,
BuildingA_351,15/1/2025 14:00,
BuildingA_352,15/1/2025 15:00,
BuildingA_353,15/1/2025 16:00,
BuildingA_354,15/1/2025 17:00,
BuildingA_355,15/1/2025 18:00,
BuildingA_356,15/1/2025 19:00,
BuildingA_357,15/1/2025 20:00,
BuildingA_358,15/1/2025 21:00,
BuildingA_359,15/1/2025 22:00,
BuildingA_360,15/1/2025 23:00,
BuildingA_361,16/1/2025 0:00,
BuildingA_362,16/1/2025 1:00,
BuildingA_363,16/1/2025 2:00,
BuildingA_364,16/1/2025 3:00,
BuildingA_365,16/1/2025 4:00,
BuildingA_366,16/1/2025 5:00,
BuildingA_367,16/1/2025 6:00,
BuildingA_368,16/1/2025 7:00,
BuildingA_369,16/1/2025 8:00,
BuildingA_370,16/1/2025 9:00,
BuildingA_371,16/1/2025 10:00,
BuildingA_372,16/1/2025 11:00,
BuildingA_373,16/1/2025 12:00,
BuildingA_374,16/1/2025 13:00,
BuildingA_375,16/1/2025 14:00,
BuildingA_376,16/1/2025 15:00,
BuildingA_377,16/1/2025 16:00,
BuildingA_378,16/1/2025 17:00,
BuildingA_379,16/1/2025 18:00,
BuildingA_380,16/1/2025 19:00,
BuildingA_381,16/1/2025 20:00,
BuildingA_382,16/1/2025 21:00,
BuildingA_383,16/1/2025 22:00,
BuildingA_384,16/1/2025 23:00,
BuildingA_385,17/1/2025 0:00,
BuildingA_386,17/1/2025 1:00,
BuildingA_387,17/1/2025 2:00,
BuildingA_388,17/1/2025 3:00,
BuildingA_389,17/1/2025 4:00,
BuildingA_390,17/1/2025 5:00,
BuildingA_391,17/1/2025 6:00,
BuildingA_392,17/1/2025 7:00,
BuildingA_393,17/1/2025 8:00,
BuildingA_394,17/1/2025 9:00,
BuildingA_395,17/1/2025 10:00,
BuildingA_396,17/1/2025 11:00,
BuildingA_397,17/1/2025 12:00,
BuildingA_398,17/1/2025 13:00,
BuildingA_399,17/1/2025 14:00,
BuildingA_400,17/1/2025 15:00,
BuildingA_401,17/1/2025 16:00,
BuildingA_402,17/1/2025 17:00,
BuildingA_403,17/1/2025 18:00,
BuildingA_404,17/1/2025 19:00,
BuildingA_405,17/1/2025 20:00,
BuildingA_406,17/1/2025 21:00,
BuildingA_407,17/1/2025 22:00,
BuildingA_408,17/1/2025 23:00,
BuildingA_409,18/1/2025 0:00,
BuildingA_410,18/1/2025 1:00,
BuildingA_411,18/1/2025 2:00,
BuildingA_412,18/1/2025 3:00,
BuildingA_413,18/1/2025 4:00,
BuildingA_414,18/1/2025 5:00,
BuildingA_415,18/1/2025 6:00,
BuildingA_416,18/1/2025 7:00,
BuildingA_417,18/1/2025 8:00,
BuildingA_418,18/1/2025 9:00,
BuildingA_419,18/1/2025 10:00,
BuildingA_420,18/1/2025 11:00,
BuildingA_421,18/1/2025 12:00,
BuildingA_422,18/1/2025 13:00,
BuildingA_423,18/1/2025 14:00,
BuildingA_424,18/1/2025 15:00,
BuildingA_425,18/1/2025 16:00,
BuildingA_426,18/1/2025 17:00,
BuildingA_427,18/1/2025 18:00,
BuildingA_428,18/1/2025 19:00,
BuildingA_429,18/1/2025 20:00,
BuildingA_430,18/1/2025 21:00,
BuildingA_431,18/1/2025 22:00,
BuildingA_432,18/1/2025 23:00,
BuildingA_433,19/1/2025 0:00,
BuildingA_434,19/1/2025 1:00,
BuildingA_435,19/1/2025 2:00,
BuildingA_436,19/1/2025 3:00,
BuildingA_437,19/1/2025 4:00,
BuildingA_438,19/1/2025 5:00,
BuildingA_439,19/1/2025 6:00,
BuildingA_440,19/1/2025 7:00,
BuildingA_441,19/1/2025 8:00,
BuildingA_442,19/1/2025 9:00,
BuildingA_443,19/1/2025 10:00,
BuildingA_444,19/1/2025 11:00,
BuildingA_445,19/1/2025 12:00,
BuildingA_446,19/1/2025 13:00,
BuildingA_447,19/1/2025 14:00,
BuildingA_448,19/1/2025 15:00,
BuildingA_449,19/1/2025 16:00,
BuildingA_450,19/1/2025 17:00,
BuildingA_451,19/1/2025 18:00,
BuildingA_452,19/1/2025 19:00,
BuildingA_453,19/1/2025 20:00,
BuildingA_454,19/1/2025 21:00,
BuildingA_455,19/1/2025 22:00,
BuildingA_456,19/1/2025 23:00,
BuildingA_457,20/1/2025 0:00,
BuildingA_458,20/1/2025 1:00,
BuildingA_459,20/1/2025 2:00,
BuildingA_460,20/1/2025 3:00,
BuildingA_461,20/1/2025 4:00,
BuildingA_462,20/1/2025 5:00,
BuildingA_463,20/1/2025 6:00,
BuildingA_464,20/1/2025 7:00,
BuildingA_465,20/1/2025 8:00,
BuildingA_466,20/1/2025 9:00,
BuildingA_467,20/1/2025 10:00,
BuildingA_468,20/1/2025 11:00,
BuildingA_469,20/1/2025 12:00,
BuildingA_470,20/1/2025 13:00,
BuildingA_471,20/1/2025 14:00,
BuildingA_472,20/1/2025 15:00,
BuildingA_473,20/1/2025 16:00,
BuildingA_474,20/1/2025 17:00,
BuildingA_475,20/1/2025 18:00,
BuildingA_476,20/1/2025 19:00,
BuildingA_477,20/1/2025 20:00,
BuildingA_478,20/1/2025 21:00,
BuildingA_479,20/1/2025 22:00,
BuildingA_480,20/1/2025 23:00,
BuildingA_481,21/1/2025 0:00,
BuildingA_482,21/1/2025 1:00,
BuildingA_483,21/1/2025 2:00,
BuildingA_484,21/1/2025 3:00,
BuildingA_485,21/1/2025 4:00,
BuildingA_486,21/1/2025 5:00,
BuildingA_487,21/1/2025 6:00,
BuildingA_488,21/1/2025 7:00,
BuildingA_489,21/1/2025 8:00,
BuildingA_490,21/1/2025 9:00,
BuildingA_491,21/1/2025 10:00,
BuildingA_492,21/1/2025 11:00,
BuildingA_493,21/1/2025 12:00,
BuildingA_494,21/1/2025 13:00,
BuildingA_495,21/1/2025 14:00,
BuildingA_496,21/1/2025 15:00,
BuildingA_497,21/1/2025 16:00,
BuildingA_498,21/1/2025 17:00,
BuildingA_499,21/1/2025 18:00,
BuildingA_500,21/1/2025 19:00,
BuildingA_501,21/1/2025 20:00,
BuildingA_502,21/1/2025 21:00,
BuildingA_503,21/1/2025 22:00,
BuildingA_504,21/1/2025 23:00,
BuildingA_505,22/1/2025 0:00,
BuildingA_506,22/1/2025 1:00,
BuildingA_507,22/1/2025 2:00,
BuildingA_508,22/1/2025 3:00,
BuildingA_509,22/1/2025 4:00,
BuildingA_510,22/1/2025 5:00,
BuildingA_511,22/1/2025 6:00,
BuildingA_512,22/1/2025 7:00,
BuildingA_513,22/1/2025 8:00,
BuildingA_514,22/1/2025 9:00,
BuildingA_515,22/1/2025 10:00,
BuildingA_516,22/1/2025 11:00,
BuildingA_517,22/1/2025 12:00,
BuildingA_518,22/1/2025 13:00,
BuildingA_519,22/1/2025 14:00,
BuildingA_520,22/1/2025 15:00,
BuildingA_521,22/1/2025 16:00,
BuildingA_522,22/1/2025 17:00,
BuildingA_523,22/1/2025 18:00,
BuildingA_524,22/1/2025 19:00,
BuildingA_525,22/1/2025 20:00,
BuildingA_526,22/1/2025 21:00,
BuildingA_527,22/1/2025 22:00,
BuildingA_528,22/1/2025 23:00,
BuildingA_529,23/1/2025 0:00,
BuildingA_530,23/1/2025 1:00,
BuildingA_531,23/1/2025 2:00,
BuildingA_532,23/1/2025 3:00,
BuildingA_533,23/1/2025 4:00,
BuildingA_534,23/1/2025 5:00,
BuildingA_535,23/1/2025 6:00,
BuildingA_536,23/1/2025 7:00,
BuildingA_537,23/1/2025 8:00,
BuildingA_538,23/1/2025 9:00,
BuildingA_539,23/1/2025 10:00,
BuildingA_540,23/1/2025 11:00,
BuildingA_541,23/1/2025 12:00,
BuildingA_542,23/1/2025 13:00,
BuildingA_543,23/1/2025 14:00,
BuildingA_544,23/1/2025 15:00,
BuildingA_545,23/1/2025 16:00,
BuildingA_546,23/1/2025 17:00,
BuildingA_547,23/1/2025 18:00,
BuildingA_548,23/1/2025 19:00,
BuildingA_549,23/1/2025 20:00,
BuildingA_550,23/1/2025 21:00,
BuildingA_551,23/1/2025 22:00,
BuildingA_552,23/1/2025 23:00,
BuildingA_553,24/1/2025 0:00,
BuildingA_554,24/1/2025 1:00,
BuildingA_555,24/1/2025 2:00,
BuildingA_556,24/1/2025 3:00,
BuildingA_557,24/1/2025 4:00,
BuildingA_558,24/1/2025 5:00,
BuildingA_559,24/1/2025 6:00,
BuildingA_560,24/1/2025 7:00,
BuildingA_561,24/1/2025 8:00,
BuildingA_562,24/1/2025 9:00,
BuildingA_563,24/1/2025 10:00,
BuildingA_564,24/1/2025 11:00,
BuildingA_565,24/1/2025 12:00,
BuildingA_566,24/1/2025 13:00,
BuildingA_567,24/1/2025 14:00,
BuildingA_568,24/1/2025 15:00,
BuildingA_569,24/1/2025 16:00,
BuildingA_570,24/1/2025 17:00,
BuildingA_571,24/1/2025 18:00,
BuildingA_572,24/1/2025 19:00,
BuildingA_573,24/1/2025 20:00,
BuildingA_574,24/1/2025 21:00,
BuildingA_575,24/1/2025 22:00,
BuildingA_576,24/1/2025 23:00,
BuildingA_577,25/1/2025 0:00,
BuildingA_578,25/1/2025 1:00,
BuildingA_579,25/1/2025 2:00,
BuildingA_580,25/1/2025 3:00,
BuildingA_581,25/1/2025 4:00,
BuildingA_582,25/1/2025 5:00,
BuildingA_583,25/1/2025 6:00,
BuildingA_584,25/1/2025 7:00,
BuildingA_585,25/1/2025 8:00,
BuildingA_586,25/1/2025 9:00,
BuildingA_587,25/1/2025 10:00,
BuildingA_588,25/1/2025 11:00,
BuildingA_589,25/1/2025 12:00,
BuildingA_590,25/1/2025 13:00,
BuildingA_591,25/1/2025 14:00,
BuildingA_592,25/1/2025 15:00,
BuildingA_593,25/1/2025 16:00,
BuildingA_594,25/1/2025 17:00,
BuildingA_595,25/1/2025 18:00,
BuildingA_596,25/1/2025 19:00,
BuildingA_597,25/1/2025 20:00,
BuildingA_598,25/1/2025 21:00,
BuildingA_599,25/1/2025 22:00,
BuildingA_600,25/1/2025 23:00,
BuildingA_601,26/1/2025 0:00,
BuildingA_602,26/1/2025 1:00,
BuildingA_603,26/1/2025 2:00,
BuildingA_604,26/1/2025 3:00,
BuildingA_605,26/1/2025 4:00,
BuildingA_606,26/1/2025 5:00,
BuildingA_607,26/1/2025 6:00,
BuildingA_608,26/1/2025 7:00,
BuildingA_609,26/1/2025 8:00,
BuildingA_610,26/1/2025 9:00,
BuildingA_611,26/1/2025 10:00,
BuildingA_612,26/1/2025 11:00,
BuildingA_613,26/1/2025 12:00,
BuildingA_614,26/1/2025 13:00,
BuildingA_615,26/1/2025 14:00,
BuildingA_616,26/1/2025 15:00,
BuildingA_617,26/1/2025 16:00,
BuildingA_618,26/1/2025 17:00,
BuildingA_619,26/1/2025 18:00,
BuildingA_620,26/1/2025 19:00,
BuildingA_621,26/1/2025 20:00,
BuildingA_622,26/1/2025 21:00,
BuildingA_623,26/1/2025 22:00,
BuildingA_624,26/1/2025 23:00,
BuildingA_625,27/1/2025 0:00,
BuildingA_626,27/1/2025 1:00,
BuildingA_627,27/1/2025 2:00,
BuildingA_628,27/1/2025 3:00,
BuildingA_629,27/1/2025 4:00,
BuildingA_630,27/1/2025 5:00,
BuildingA_631,27/1/2025 6:00,
BuildingA_632,27/1/2025 7:00,
BuildingA_633,27/1/2025 8:00,
BuildingA_634,27/1/2025 9:00,
BuildingA_635,27/1/2025 10:00,
BuildingA_636,27/1/2025 11:00,
BuildingA_637,27/1/2025 12:00,
BuildingA_638,27/1/2025 13:00,
BuildingA_639,27/1/2025 14:00,
BuildingA_640,27/1/2025 15:00,
BuildingA_641,27/1/2025 16:00,
BuildingA_642,27/1/2025 17:00,
BuildingA_643,27/1/2025 18:00,
BuildingA_644,27/1/2025 19:00,
BuildingA_645,27/1/2025 20:00,
BuildingA_646,27/1/2025 21:00,
BuildingA_647,27/1/2025 22:00,
BuildingA_648,27/1/2025 23:00,
BuildingA_649,28/1/2025 0:00,
BuildingA_650,28/1/2025 1:00,
BuildingA_651,28/1/2025 2:00,
BuildingA_652,28/1/2025 3:00,
BuildingA_653,28/1/2025 4:00,
BuildingA_654,28/1/2025 5:00,
BuildingA_655,28/1/2025 6:00,
BuildingA_656,28/1/2025 7:00,
BuildingA_657,28/1/2025 8:00,
BuildingA_658,28/1/2025 9:00,
BuildingA_659,28/1/2025 10:00,
BuildingA_660,28/1/2025 11:00,
BuildingA_661,28/1/2025 12:00,
BuildingA_662,28/1/2025 13:00,
BuildingA_663,28/1/2025 14:00,
BuildingA_664,28/1/2025 15:00,
BuildingA_665,28/1/2025 16:00,
BuildingA_666,28/1/2025 17:00,
BuildingA_667,28/1/2025 18:00,
BuildingA_668,28/1/2025 19:00,
BuildingA_669,28/1/2025 20:00,
BuildingA_670,28/1/2025 21:00,
BuildingA_671,28/1/2025 22:00,
BuildingA_672,28/1/2025 23:00,
BuildingA_673,29/1/2025 0:00,
BuildingA_674,29/1/2025 1:00,
BuildingA_675,29/1/2025 2:00,
BuildingA_676,29/1/2025 3:00,
BuildingA_677,29/1/2025 4:00,
BuildingA_678,29/1/2025 5:00,
BuildingA_679,29/1/2025 6:00,
BuildingA_680,29/1/2025 7:00,
BuildingA_681,29/1/2025 8:00,
BuildingA_682,29/1/2025 9:00,
BuildingA_683,29/1/2025 10:00,
BuildingA_684,29/1/2025 11:00,
BuildingA_685,29/1/2025 12:00,
BuildingA_686,29/1/2025 13:00,
BuildingA_687,29/1/2025 14:00,
BuildingA_688,29/1/2025 15:00,
BuildingA_689,29/1/2025 16:00,
BuildingA_690,29/1/2025 17:00,
BuildingA_691,29/1/2025 18:00,
BuildingA_692,29/1/2025 19:00,
BuildingA_693,29/1/2025 20:00,
BuildingA_694,29/1/2025 21:00,
BuildingA_695,29/1/2025 22:00,
BuildingA_696,29/1/2025 23:00,
BuildingA_697,30/1/2025 0:00,
BuildingA_698,30/1/2025 1:00,
BuildingA_699,30/1/2025 2:00,
BuildingA_700,30/1/2025 3:00,
BuildingA_701,30/1/2025 4:00,
BuildingA_702,30/1/2025 5:00,
BuildingA_703,30/1/2025 6:00,
BuildingA_704,30/1/2025 7:00,
BuildingA_705,30/1/2025 8:00,
BuildingA_706,30/1/2025 9:00,
BuildingA_707,30/1/2025 10:00,
BuildingA_708,30/1/2025 11:00,
BuildingA_709,30/1/2025 12:00,
BuildingA_710,30/1/2025 13:00,
BuildingA_711,30/1/2025 14:00,
BuildingA_712,30/1/2025 15:00,
BuildingA_713,30/1/2025 16:00,
BuildingA_714,30/1/2025 17:00,
BuildingA_715,30/1/2025 18:00,
BuildingA_716,30/1/2025 19:00,
BuildingA_717,30/1/2025 20:00,
BuildingA_718,30/1/2025 21:00,
BuildingA_719,30/1/2025 22:00,
BuildingA_720,30/1/2025 23:00,
BuildingB_1,1/1/2025 0:00,
BuildingB_2,1/1/2025 1:00,
BuildingB_3,1/1/2025 2:00,
BuildingB_4,1/1/2025 3:00,
BuildingB_5,1/1/2025 4:00,
BuildingB_6,1/1/2025 5:00,
BuildingB_7,1/1/2025 6:00,
BuildingB_8,1/1/2025 7:00,
BuildingB_9,1/1/2025 8:00,
BuildingB_10,1/1/2025 9:00,
BuildingB_11,1/1/2025 10:00,
BuildingB_12,1/1/2025 11:00,
BuildingB_13,1/1/2025 12:00,
BuildingB_14,1/1/2025 13:00,
BuildingB_15,1/1/2025 14:00,
BuildingB_16,1/1/2025 15:00,
BuildingB_17,1/1/2025 16:00,
BuildingB_18,1/1/2025 17:00,
BuildingB_19,1/1/2025 18:00,
BuildingB_20,1/1/2025 19:00,
BuildingB_21,1/1/2025 20:00,
BuildingB_22,1/1/2025 21:00,
BuildingB_23,1/1/2025 22:00,
BuildingB_24,1/1/2025 23:00,
BuildingB_25,2/1/2025 0:00,
BuildingB_26,2/1/2025 1:00,
BuildingB_27,2/1/2025 2:00,
BuildingB_28,2/1/2025 3:00,
BuildingB_29,2/1/2025 4:00,
BuildingB_30,2/1/2025 5:00,
BuildingB_31,2/1/2025 6:00,
BuildingB_32,2/1/2025 7:00,
BuildingB_33,2/1/2025 8:00,
BuildingB_34,2/1/2025 9:00,
BuildingB_35,2/1/2025 10:00,
BuildingB_36,2/1/2025 11:00,
BuildingB_37,2/1/2025 12:00,
BuildingB_38,2/1/2025 13:00,
BuildingB_39,2/1/2025 14:00,
BuildingB_40,2/1/2025 15:00,
BuildingB_41,2/1/2025 16:00,
BuildingB_42,2/1/2025 17:00,
BuildingB_43,2/1/2025 18:00,
BuildingB_44,2/1/2025 19:00,
BuildingB_45,2/1/2025 20:00,
BuildingB_46,2/1/2025 21:00,
BuildingB_47,2/1/2025 22:00,
BuildingB_48,2/1/2025 23:00,
BuildingB_49,3/1/2025 0:00,
BuildingB_50,3/1/2025 1:00,
BuildingB_51,3/1/2025 2:00,
BuildingB_52,3/1/2025 3:00,
BuildingB_53,3/1/2025 4:00,
BuildingB_54,3/1/2025 5:00,
BuildingB_55,3/1/2025 6:00,
BuildingB_56,3/1/2025 7:00,
BuildingB_57,3/1/2025 8:00,
BuildingB_58,3/1/2025 9:00,
BuildingB_59,3/1/2025 10:00,
BuildingB_60,3/1/2025 11:00,
BuildingB_61,3/1/2025 12:00,
BuildingB_62,3/1/2025 13:00,
BuildingB_63,3/1/2025 14:00,
BuildingB_64,3/1/2025 15:00,
BuildingB_65,3/1/2025 16:00,
BuildingB_66,3/1/2025 17:00,
BuildingB_67,3/1/2025 18:00,
BuildingB_68,3/1/2025 19:00,
BuildingB_69,3/1/2025 20:00,
BuildingB_70,3/1/2025 21:00,
BuildingB_71,3/1/2025 22:00,
BuildingB_72,3/1/2025 23:00,
BuildingB_73,4/1/2025 0:00,
BuildingB_74,4/1/2025 1:00,
BuildingB_75,4/1/2025 2:00,
BuildingB_76,4/1/2025 3:00,
BuildingB_77,4/1/2025 4:00,
BuildingB_78,4/1/2025 5:00,
BuildingB_79,4/1/2025 6:00,
BuildingB_80,4/1/2025 7:00,
BuildingB_81,4/1/2025 8:00,
BuildingB_82,4/1/2025 9:00,
BuildingB_83,4/1/2025 10:00,
BuildingB_84,4/1/2025 11:00,
BuildingB_85,4/1/2025 12:00,
BuildingB_86,4/1/2025 13:00,
BuildingB_87,4/1/2025 14:00,
BuildingB_88,4/1/2025 15:00,
BuildingB_89,4/1/2025 16:00,
BuildingB_90,4/1/2025 17:00,
BuildingB_91,4/1/2025 18:00,
BuildingB_92,4/1/2025 19:00,
BuildingB_93,4/1/2025 20:00,
BuildingB_94,4/1/2025 21:00,
BuildingB_95,4/1/2025 22:00,
BuildingB_96,4/1/2025 23:00,
BuildingB_97,5/1/2025 0:00,
BuildingB_98,5/1/2025 1:00,
BuildingB_99,5/1/2025 2:00,
BuildingB_100,5/1/2025 3:00,
BuildingB_101,5/1/2025 4:00,
BuildingB_102,5/1/2025 5:00,
BuildingB_103,5/1/2025 6:00,
BuildingB_104,5/1/2025 7:00,
BuildingB_105,5/1/2025 8:00,
BuildingB_106,5/1/2025 9:00,
BuildingB_107,5/1/2025 10:00,
BuildingB_108,5/1/2025 11:00,
BuildingB_109,5/1/2025 12:00,
BuildingB_110,5/1/2025 13:00,
BuildingB_111,5/1/2025 14:00,
BuildingB_112,5/1/2025 15:00,
BuildingB_113,5/1/2025 16:00,
BuildingB_114,5/1/2025 17:00,
BuildingB_115,5/1/2025 18:00,
BuildingB_116,5/1/2025 19:00,
BuildingB_117,5/1/2025 20:00,
BuildingB_118,5/1/2025 21:00,
BuildingB_119,5/1/2025 22:00,
BuildingB_120,5/1/2025 23:00,
BuildingB_121,6/1/2025 0:00,
BuildingB_122,6/1/2025 1:00,
BuildingB_123,6/1/2025 2:00,
BuildingB_124,6/1/2025 3:00,
BuildingB_125,6/1/2025 4:00,
BuildingB_126,6/1/2025 5:00,
BuildingB_127,6/1/2025 6:00,
BuildingB_128,6/1/2025 7:00,
BuildingB_129,6/1/2025 8:00,
BuildingB_130,6/1/2025 9:00,
BuildingB_131,6/1/2025 10:00,
BuildingB_132,6/1/2025 11:00,
BuildingB_133,6/1/2025 12:00,
BuildingB_134,6/1/2025 13:00,
BuildingB_135,6/1/2025 14:00,
BuildingB_136,6/1/2025 15:00,
BuildingB_137,6/1/2025 16:00,
BuildingB_138,6/1/2025 17:00,
BuildingB_139,6/1/2025 18:00,
BuildingB_140,6/1/2025 19:00,
BuildingB_141,6/1/2025 20:00,
BuildingB_142,6/1/2025 21:00,
BuildingB_143,6/1/2025 22:00,
BuildingB_144,6/1/2025 23:00,
BuildingB_145,7/1/2025 0:00,
BuildingB_146,7/1/2025 1:00,
BuildingB_147,7/1/2025 2:00,
BuildingB_148,7/1/2025 3:00,
BuildingB_149,7/1/2025 4:00,
BuildingB_150,7/1/2025 5:00,
BuildingB_151,7/1/2025 6:00,
BuildingB_152,7/1/2025 7:00,
BuildingB_153,7/1/2025 8:00,
BuildingB_154,7/1/2025 9:00,
BuildingB_155,7/1/2025 10:00,
BuildingB_156,7/1/2025 11:00,
BuildingB_157,7/1/2025 12:00,
BuildingB_158,7/1/2025 13:00,
BuildingB_159,7/1/2025 14:00,
BuildingB_160,7/1/2025 15:00,
BuildingB_161,7/1/2025 16:00,
BuildingB_162,7/1/2025 17:00,
BuildingB_163,7/1/2025 18:00,
BuildingB_164,7/1/2025 19:00,
BuildingB_165,7/1/2025 20:00,
BuildingB_166,7/1/2025 21:00,
BuildingB_167,7/1/2025 22:00,
BuildingB_168,7/1/2025 23:00,
BuildingB_169,8/1/2025 0:00,
BuildingB_170,8/1/2025 1:00,
BuildingB_171,8/1/2025 2:00,
BuildingB_172,8/1/2025 3:00,
BuildingB_173,8/1/2025 4:00,
BuildingB_174,8/1/2025 5:00,
BuildingB_175,8/1/2025 6:00,
BuildingB_176,8/1/2025 7:00,
BuildingB_177,8/1/2025 8:00,
BuildingB_178,8/1/2025 9:00,
BuildingB_179,8/1/2025 10:00,
BuildingB_180,8/1/2025 11:00,
BuildingB_181,8/1/2025 12:00,
BuildingB_182,8/1/2025 13:00,
BuildingB_183,8/1/2025 14:00,
BuildingB_184,8/1/2025 15:00,
BuildingB_185,8/1/2025 16:00,
BuildingB_186,8/1/2025 17:00,
BuildingB_187,8/1/2025 18:00,
BuildingB_188,8/1/2025 19:00,
BuildingB_189,8/1/2025 20:00,
BuildingB_190,8/1/2025 21:00,
BuildingB_191,8/1/2025 22:00,
BuildingB_192,8/1/2025 23:00,
BuildingB_193,9/1/2025 0:00,
BuildingB_194,9/1/2025 1:00,
BuildingB_195,9/1/2025 2:00,
BuildingB_196,9/1/2025 3:00,
BuildingB_197,9/1/2025 4:00,
BuildingB_198,9/1/2025 5:00,
BuildingB_199,9/1/2025 6:00,
BuildingB_200,9/1/2025 7:00,
BuildingB_201,9/1/2025 8:00,
BuildingB_202,9/1/2025 9:00,
BuildingB_203,9/1/2025 10:00,
BuildingB_204,9/1/2025 11:00,
BuildingB_205,9/1/2025 12:00,
BuildingB_206,9/1/2025 13:00,
BuildingB_207,9/1/2025 14:00,
BuildingB_208,9/1/2025 15:00,
BuildingB_209,9/1/2025 16:00,
BuildingB_210,9/1/2025 17:00,
BuildingB_211,9/1/2025 18:00,
BuildingB_212,9/1/2025 19:00,
BuildingB_213,9/1/2025 20:00,
BuildingB_214,9/1/2025 21:00,
BuildingB_215,9/1/2025 22:00,
BuildingB_216,9/1/2025 23:00,
BuildingB_217,10/1/2025 0:00,
BuildingB_218,10/1/2025 1:00,
BuildingB_219,10/1/2025 2:00,
BuildingB_220,10/1/2025 3:00,
BuildingB_221,10/1/2025 4:00,
BuildingB_222,10/1/2025 5:00,
BuildingB_223,10/1/2025 6:00,
BuildingB_224,10/1/2025 7:00,
BuildingB_225,10/1/2025 8:00,
BuildingB_226,10/1/2025 9:00,
BuildingB_227,10/1/2025 10:00,
BuildingB_228,10/1/2025 11:00,
BuildingB_229,10/1/2025 12:00,
BuildingB_230,10/1/2025 13:00,
BuildingB_231,10/1/2025 14:00,
BuildingB_232,10/1/2025 15:00,
BuildingB_233,10/1/2025 16:00,
BuildingB_234,10/1/2025 17:00,
BuildingB_235,10/1/2025 18:00,
BuildingB_236,10/1/2025 19:00,
BuildingB_237,10/1/2025 20:00,
BuildingB_238,10/1/2025 21:00,
BuildingB_239,10/1/2025 22:00,
BuildingB_240,10/1/2025 23:00,
BuildingB_241,11/1/2025 0:00,
BuildingB_242,11/1/2025 1:00,
BuildingB_243,11/1/2025 2:00,
BuildingB_244,11/1/2025 3:00,
BuildingB_245,11/1/2025 4:00,
BuildingB_246,11/1/2025 5:00,
BuildingB_247,11/1/2025 6:00,
BuildingB_248,11/1/2025 7:00,
BuildingB_249,11/1/2025 8:00,
BuildingB_250,11/1/2025 9:00,
BuildingB_251,11/1/2025 10:00,
BuildingB_252,11/1/2025 11:00,
BuildingB_253,11/1/2025 12:00,
BuildingB_254,11/1/2025 13:00,
BuildingB_255,11/1/2025 14:00,
BuildingB_256,11/1/2025 15:00,
BuildingB_257,11/1/2025 16:00,
BuildingB_258,11/1/2025 17:00,
BuildingB_259,11/1/2025 18:00,
BuildingB_260,11/1/2025 19:00,
BuildingB_261,11/1/2025 20:00,
BuildingB_262,11/1/2025 21:00,
BuildingB_263,11/1/2025 22:00,
BuildingB_264,11/1/2025 23:00,
BuildingB_265,12/1/2025 0:00,
BuildingB_266,12/1/2025 1:00,
BuildingB_267,12/1/2025 2:00,
BuildingB_268,12/1/2025 3:00,
BuildingB_269,12/1/2025 4:00,
BuildingB_270,12/1/2025 5:00,
BuildingB_271,12/1/2025 6:00,
BuildingB_272,12/1/2025 7:00,
BuildingB_273,12/1/2025 8:00,
BuildingB_274,12/1/2025 9:00,
BuildingB_275,12/1/2025 10:00,
BuildingB_276,12/1/2025 11:00,
BuildingB_277,12/1/2025 12:00,
BuildingB_278,12/1/2025 13:00,
BuildingB_279,12/1/2025 14:00,
BuildingB_280,12/1/2025 15:00,
BuildingB_281,12/1/2025 16:00,
BuildingB_282,12/1/2025 17:00,
BuildingB_283,12/1/2025 18:00,
BuildingB_284,12/1/2025 19:00,
BuildingB_285,12/1/2025 20:00,
BuildingB_286,12/1/2025 21:00,
BuildingB_287,12/1/2025 22:00,
BuildingB_288,12/1/2025 23:00,
BuildingB_289,13/1/2025 0:00,
BuildingB_290,13/1/2025 1:00,
BuildingB_291,13/1/2025 2:00,
BuildingB_292,13/1/2025 3:00,
BuildingB_293,13/1/2025 4:00,
BuildingB_294,13/1/2025 5:00,
BuildingB_295,13/1/2025 6:00,
BuildingB_296,13/1/2025 7:00,
BuildingB_297,13/1/2025 8:00,
BuildingB_298,13/1/2025 9:00,
BuildingB_299,13/1/2025 10:00,
BuildingB_300,13/1/2025 11:00,
BuildingB_301,13/1/2025 12:00,
BuildingB_302,13/1/2025 13:00,
BuildingB_303,13/1/2025 14:00,
BuildingB_304,13/1/2025 15:00,
BuildingB_305,13/1/2025 16:00,
BuildingB_306,13/1/2025 17:00,
BuildingB_307,13/1/2025 18:00,
BuildingB_308,13/1/2025 19:00,
BuildingB_309,13/1/2025 20:00,
BuildingB_310,13/1/2025 21:00,
BuildingB_311,13/1/2025 22:00,
BuildingB_312,13/1/2025 23:00,
BuildingB_313,14/1/2025 0:00,
BuildingB_314,14/1/2025 1:00,
BuildingB_315,14/1/2025 2:00,
BuildingB_316,14/1/2025 3:00,
BuildingB_317,14/1/2025 4:00,
BuildingB_318,14/1/2025 5:00,
BuildingB_319,14/1/2025 6:00,
BuildingB_320,14/1/2025 7:00,
BuildingB_321,14/1/2025 8:00,
BuildingB_322,14/1/2025 9:00,
BuildingB_323,14/1/2025 10:00,
BuildingB_324,14/1/2025 11:00,
BuildingB_325,14/1/2025 12:00,
BuildingB_326,14/1/2025 13:00,
BuildingB_327,14/1/2025 14:00,
BuildingB_328,14/1/2025 15:00,
BuildingB_329,14/1/2025 16:00,
BuildingB_330,14/1/2025 17:00,
BuildingB_331,14/1/2025 18:00,
BuildingB_332,14/1/2025 19:00,
BuildingB_333,14/1/2025 20:00,
BuildingB_334,14/1/2025 21:00,
BuildingB_335,14/1/2025 22:00,
BuildingB_336,14/1/2025 23:00,
BuildingB_337,15/1/2025 0:00,
BuildingB_338,15/1/2025 1:00,
BuildingB_339,15/1/2025 2:00,
BuildingB_340,15/1/2025 3:00,
BuildingB_341,15/1/2025 4:00,
BuildingB_342,15/1/2025 5:00,
BuildingB_343,15/1/2025 6:00,
BuildingB_344,15/1/2025 7:00,
BuildingB_345,15/1/2025 8:00,
BuildingB_346,15/1/2025 9:00,
BuildingB_347,15/1/2025 10:00,
BuildingB_348,15/1/2025 11:00,
BuildingB_349,15/1/2025 12:00,
BuildingB_350,15/1/2025 13:00,
BuildingB_351,15/1/2025 14:00,
BuildingB_352,15/1/2025 15:00,
BuildingB_353,15/1/2025 16:00,
BuildingB_354,15/1/2025 17:00,
BuildingB_355,15/1/2025 18:00,
BuildingB_356,15/1/2025 19:00,
BuildingB_357,15/1/2025 20:00,
BuildingB_358,15/1/2025 21:00,
BuildingB_359,15/1/2025 22:00,
BuildingB_360,15/1/2025 23:00,
BuildingB_361,16/1/2025 0:00,
BuildingB_362,16/1/2025 1:00,
BuildingB_363,16/1/2025 2:00,
BuildingB_364,16/1/2025 3:00,
BuildingB_365,16/1/2025 4:00,
BuildingB_366,16/1/2025 5:00,
BuildingB_367,16/1/2025 6:00,
BuildingB_368,16/1/2025 7:00,
BuildingB_369,16/1/2025 8:00,
BuildingB_370,16/1/2025 9:00,
BuildingB_371,16/1/2025 10:00,
BuildingB_372,16/1/2025 11:00,
BuildingB_373,16/1/2025 12:00,
BuildingB_374,16/1/2025 13:00,
BuildingB_375,16/1/2025 14:00,
BuildingB_376,16/1/2025 15:00,
BuildingB_377,16/1/2025 16:00,
BuildingB_378,16/1/2025 17:00,
BuildingB_379,16/1/2025 18:00,
BuildingB_380,16/1/2025 19:00,
BuildingB_381,16/1/2025 20:00,
BuildingB_382,16/1/2025 21:00,
BuildingB_383,16/1/2025 22:00,
BuildingB_384,16/1/2025 23:00,
BuildingB_385,17/1/2025 0:00,
BuildingB_386,17/1/2025 1:00,
BuildingB_387,17/1/2025 2:00,
BuildingB_388,17/1/2025 3:00,
BuildingB_389,17/1/2025 4:00,
BuildingB_390,17/1/2025 5:00,
BuildingB_391,17/1/2025 6:00,
BuildingB_392,17/1/2025 7:00,
BuildingB_393,17/1/2025 8:00,
BuildingB_394,17/1/2025 9:00,
BuildingB_395,17/1/2025 10:00,
BuildingB_396,17/1/2025 11:00,
BuildingB_397,17/1/2025 12:00,
BuildingB_398,17/1/2025 13:00,
BuildingB_399,17/1/2025 14:00,
BuildingB_400,17/1/2025 15:00,
BuildingB_401,17/1/2025 16:00,
BuildingB_402,17/1/2025 17:00,
BuildingB_403,17/1/2025 18:00,
BuildingB_404,17/1/2025 19:00,
BuildingB_405,17/1/2025 20:00,
BuildingB_406,17/1/2025 21:00,
BuildingB_407,17/1/2025 22:00,
BuildingB_408,17/1/2025 23:00,
BuildingB_409,18/1/2025 0:00,
BuildingB_410,18/1/2025 1:00,
BuildingB_411,18/1/2025 2:00,
BuildingB_412,18/1/2025 3:00,
BuildingB_413,18/1/2025 4:00,
BuildingB_414,18/1/2025 5:00,
BuildingB_415,18/1/2025 6:00,
BuildingB_416,18/1/2025 7:00,
BuildingB_417,18/1/2025 8:00,
BuildingB_418,18/1/2025 9:00,
BuildingB_419,18/1/2025 10:00,
BuildingB_420,18/1/2025 11:00,
BuildingB_421,18/1/2025 12:00,
BuildingB_422,18/1/2025 13:00,
BuildingB_423,18/1/2025 14:00,
BuildingB_424,18/1/2025 15:00,
BuildingB_425,18/1/2025 16:00,
BuildingB_426,18/1/2025 17:00,
BuildingB_427,18/1/2025 18:00,
BuildingB_428,18/1/2025 19:00,
BuildingB_429,18/1/2025 20:00,
BuildingB_430,18/1/2025 21:00,
BuildingB_431,18/1/2025 22:00,
BuildingB_432,18/1/2025 23:00,
BuildingB_433,19/1/2025 0:00,
BuildingB_434,19/1/2025 1:00,
BuildingB_435,19/1/2025 2:00,
BuildingB_436,19/1/2025 3:00,
BuildingB_437,19/1/2025 4:00,
BuildingB_438,19/1/2025 5:00,
BuildingB_439,19/1/2025 6:00,
BuildingB_440,19/1/2025 7:00,
BuildingB_441,19/1/2025 8:00,
BuildingB_442,19/1/2025 9:00,
BuildingB_443,19/1/2025 10:00,
BuildingB_444,19/1/2025 11:00,
BuildingB_445,19/1/2025 12:00,
BuildingB_446,19/1/2025 13:00,
BuildingB_447,19/1/2025 14:00,
BuildingB_448,19/1/2025 15:00,
BuildingB_449,19/1/2025 16:00,
BuildingB_450,19/1/2025 17:00,
BuildingB_451,19/1/2025 18:00,
BuildingB_452,19/1/2025 19:00,
BuildingB_453,19/1/2025 20:00,
BuildingB_454,19/1/2025 21:00,
BuildingB_455,19/1/2025 22:00,
BuildingB_456,19/1/2025 23:00,
BuildingB_457,20/1/2025 0:00,
BuildingB_458,20/1/2025 1:00,
BuildingB_459,20/1/2025 2:00,
BuildingB_460,20/1/2025 3:00,
BuildingB_461,20/1/2025 4:00,
BuildingB_462,20/1/2025 5:00,
BuildingB_463,20/1/2025 6:00,
BuildingB_464,20/1/2025 7:00,
BuildingB_465,20/1/2025 8:00,
BuildingB_466,20/1/2025 9:00,
BuildingB_467,20/1/2025 10:00,
BuildingB_468,20/1/2025 11:00,
BuildingB_469,20/1/2025 12:00,
BuildingB_470,20/1/2025 13:00,
BuildingB_471,20/1/2025 14:00,
BuildingB_472,20/1/2025 15:00,
BuildingB_473,20/1/2025 16:00,
BuildingB_474,20/1/2025 17:00,
BuildingB_475,20/1/2025 18:00,
BuildingB_476,20/1/2025 19:00,
BuildingB_477,20/1/2025 20:00,
BuildingB_478,20/1/2025 21:00,
BuildingB_479,20/1/2025 22:00,
BuildingB_480,20/1/2025 23:00,
BuildingB_481,21/1/2025 0:00,
BuildingB_482,21/1/2025 1:00,
BuildingB_483,21/1/2025 2:00,
BuildingB_484,21/1/2025 3:00,
BuildingB_485,21/1/2025 4:00,
BuildingB_486,21/1/2025 5:00,
BuildingB_487,21/1/2025 6:00,
BuildingB_488,21/1/2025 7:00,
BuildingB_489,21/1/2025 8:00,
BuildingB_490,21/1/2025 9:00,
BuildingB_491,21/1/2025 10:00,
BuildingB_492,21/1/2025 11:00,
BuildingB_493,21/1/2025 12:00,
BuildingB_494,21/1/2025 13:00,
BuildingB_495,21/1/2025 14:00,
BuildingB_496,21/1/2025 15:00,
BuildingB_497,21/1/2025 16:00,
BuildingB_498,21/1/2025 17:00,
BuildingB_499,21/1/2025 18:00,
BuildingB_500,21/1/2025 19:00,
BuildingB_501,21/1/2025 20:00,
BuildingB_502,21/1/2025 21:00,
BuildingB_503,21/1/2025 22:00,
BuildingB_504,21/1/2025 23:00,
BuildingB_505,22/1/2025 0:00,
BuildingB_506,22/1/2025 1:00,
BuildingB_507,22/1/2025 2:00,
BuildingB_508,22/1/2025 3:00,
BuildingB_509,22/1/2025 4:00,
BuildingB_510,22/1/2025 5:00,
BuildingB_511,22/1/2025 6:00,
BuildingB_512,22/1/2025 7:00,
BuildingB_513,22/1/2025 8:00,
BuildingB_514,22/1/2025 9:00,
BuildingB_515,22/1/2025 10:00,
BuildingB_516,22/1/2025 11:00,
BuildingB_517,22/1/2025 12:00,
BuildingB_518,22/1/2025 13:00,
BuildingB_519,22/1/2025 14:00,
BuildingB_520,22/1/2025 15:00,
BuildingB_521,22/1/2025 16:00,
BuildingB_522,22/1/2025 17:00,
BuildingB_523,22/1/2025 18:00,
BuildingB_524,22/1/2025 19:00,
BuildingB_525,22/1/2025 20:00,
BuildingB_526,22/1/2025 21:00,
BuildingB_527,22/1/2025 22:00,
BuildingB_528,22/1/2025 23:00,
BuildingB_529,23/1/2025 0:00,
BuildingB_530,23/1/2025 1:00,
BuildingB_531,23/1/2025 2:00,
BuildingB_532,23/1/2025 3:00,
BuildingB_533,23/1/2025 4:00,
BuildingB_534,23/1/2025 5:00,
BuildingB_535,23/1/2025 6:00,
BuildingB_536,23/1/2025 7:00,
BuildingB_537,23/1/2025 8:00,
BuildingB_538,23/1/2025 9:00,
BuildingB_539,23/1/2025 10:00,
BuildingB_540,23/1/2025 11:00,
BuildingB_541,23/1/2025 12:00,
BuildingB_542,23/1/2025 13:00,
BuildingB_543,23/1/2025 14:00,
BuildingB_544,23/1/2025 15:00,
BuildingB_545,23/1/2025 16:00,
BuildingB_546,23/1/2025 17:00,
BuildingB_547,23/1/2025 18:00,
BuildingB_548,23/1/2025 19:00,
BuildingB_549,23/1/2025 20:00,
BuildingB_550,23/1/2025 21:00,
BuildingB_551,23/1/2025 22:00,
BuildingB_552,23/1/2025 23:00,
BuildingB_553,24/1/2025 0:00,
BuildingB_554,24/1/2025 1:00,
BuildingB_555,24/1/2025 2:00,
BuildingB_556,24/1/2025 3:00,
BuildingB_557,24/1/2025 4:00,
BuildingB_558,24/1/2025 5:00,
BuildingB_559,24/1/2025 6:00,
BuildingB_560,24/1/2025 7:00,
BuildingB_561,24/1/2025 8:00,
BuildingB_562,24/1/2025 9:00,
BuildingB_563,24/1/2025 10:00,
BuildingB_564,24/1/2025 11:00,
BuildingB_565,24/1/2025 12:00,
BuildingB_566,24/1/2025 13:00,
BuildingB_567,24/1/2025 14:00,
BuildingB_568,24/1/2025 15:00,
BuildingB_569,24/1/2025 16:00,
BuildingB_570,24/1/2025 17:00,
BuildingB_571,24/1/2025 18:00,
BuildingB_572,24/1/2025 19:00,
BuildingB_573,24/1/2025 20:00,
BuildingB_574,24/1/2025 21:00,
BuildingB_575,24/1/2025 22:00,
BuildingB_576,24/1/2025 23:00,
BuildingB_577,25/1/2025 0:00,
BuildingB_578,25/1/2025 1:00,
BuildingB_579,25/1/2025 2:00,
BuildingB_580,25/1/2025 3:00,
BuildingB_581,25/1/2025 4:00,
BuildingB_582,25/1/2025 5:00,
BuildingB_583,25/1/2025 6:00,
BuildingB_584,25/1/2025 7:00,
BuildingB_585,25/1/2025 8:00,
BuildingB_586,25/1/2025 9:00,
BuildingB_587,25/1/2025 10:00,
BuildingB_588,25/1/2025 11:00,
BuildingB_589,25/1/2025 12:00,
BuildingB_590,25/1/2025 13:00,
BuildingB_591,25/1/2025 14:00,
BuildingB_592,25/1/2025 15:00,
BuildingB_593,25/1/2025 16:00,
BuildingB_594,25/1/2025 17:00,
BuildingB_595,25/1/2025 18:00,
BuildingB_596,25/1/2025 19:00,
BuildingB_597,25/1/2025 20:00,
BuildingB_598,25/1/2025 21:00,
BuildingB_599,25/1/2025 22:00,
BuildingB_600,25/1/2025 23:00,
BuildingB_601,26/1/2025 0:00,
BuildingB_602,26/1/2025 1:00,
BuildingB_603,26/1/2025 2:00,
BuildingB_604,26/1/2025 3:00,
BuildingB_605,26/1/2025 4:00,
BuildingB_606,26/1/2025 5:00,
BuildingB_607,26/1/2025 6:00,
BuildingB_608,26/1/2025 7:00,
BuildingB_609,26/1/2025 8:00,
BuildingB_610,26/1/2025 9:00,
BuildingB_611,26/1/2025 10:00,
BuildingB_612,26/1/2025 11:00,
BuildingB_613,26/1/2025 12:00,
BuildingB_614,26/1/2025 13:00,
BuildingB_615,26/1/2025 14:00,
BuildingB_616,26/1/2025 15:00,
BuildingB_617,26/1/2025 16:00,
BuildingB_618,26/1/2025 17:00,
BuildingB_619,26/1/2025 18:00,
BuildingB_620,26/1/2025 19:00,
BuildingB_621,26/1/2025 20:00,
BuildingB_622,26/1/2025 21:00,
BuildingB_623,26/1/2025 22:00,
BuildingB_624,26/1/2025 23:00,
BuildingB_625,27/1/2025 0:00,
BuildingB_626,27/1/2025 1:00,
BuildingB_627,27/1/2025 2:00,
BuildingB_628,27/1/2025 3:00,
BuildingB_629,27/1/2025 4:00,
BuildingB_630,27/1/2025 5:00,
BuildingB_631,27/1/2025 6:00,
BuildingB_632,27/1/2025 7:00,
BuildingB_633,27/1/2025 8:00,
BuildingB_634,27/1/2025 9:00,
BuildingB_635,27/1/2025 10:00,
BuildingB_636,27/1/2025 11:00,
BuildingB_637,27/1/2025 12:00,
BuildingB_638,27/1/2025 13:00,
BuildingB_639,27/1/2025 14:00,
BuildingB_640,27/1/2025 15:00,
BuildingB_641,27/1/2025 16:00,
BuildingB_642,27/1/2025 17:00,
BuildingB_643,27/1/2025 18:00,
BuildingB_644,27/1/2025 19:00,
BuildingB_645,27/1/2025 20:00,
BuildingB_646,27/1/2025 21:00,
BuildingB_647,27/1/2025 22:00,
BuildingB_648,27/1/2025 23:00,
BuildingB_649,28/1/2025 0:00,
BuildingB_650,28/1/2025 1:00,
BuildingB_651,28/1/2025 2:00,
BuildingB_652,28/1/2025 3:00,
BuildingB_653,28/1/2025 4:00,
BuildingB_654,28/1/2025 5:00,
BuildingB_655,28/1/2025 6:00,
BuildingB_656,28/1/2025 7:00,
BuildingB_657,28/1/2025 8:00,
BuildingB_658,28/1/2025 9:00,
BuildingB_659,28/1/2025 10:00,
BuildingB_660,28/1/2025 11:00,
BuildingB_661,28/1/2025 12:00,
BuildingB_662,28/1/2025 13:00,
BuildingB_663,28/1/2025 14:00,
BuildingB_664,28/1/2025 15:00,
BuildingB_665,28/1/2025 16:00,
BuildingB_666,28/1/2025 17:00,
BuildingB_667,28/1/2025 18:00,
BuildingB_668,28/1/2025 19:00,
BuildingB_669,28/1/2025 20:00,
BuildingB_670,28/1/2025 21:00,
BuildingB_671,28/1/2025 22:00,
BuildingB_672,28/1/2025 23:00,
BuildingB_673,29/1/2025 0:00,
BuildingB_674,29/1/2025 1:00,
BuildingB_675,29/1/2025 2:00,
BuildingB_676,29/1/2025 3:00,
BuildingB_677,29/1/2025 4:00,
BuildingB_678,29/1/2025 5:00,
BuildingB_679,29/1/2025 6:00,
BuildingB_680,29/1/2025 7:00,
BuildingB_681,29/1/2025 8:00,
BuildingB_682,29/1/2025 9:00,
BuildingB_683,29/1/2025 10:00,
BuildingB_684,29/1/2025 11:00,
BuildingB_685,29/1/2025 12:00,
BuildingB_686,29/1/2025 13:00,
BuildingB_687,29/1/2025 14:00,
BuildingB_688,29/1/2025 15:00,
BuildingB_689,29/1/2025 16:00,
BuildingB_690,29/1/2025 17:00,
BuildingB_691,29/1/2025 18:00,
BuildingB_692,29/1/2025 19:00,
BuildingB_693,29/1/2025 20:00,
BuildingB_694,29/1/2025 21:00,
BuildingB_695,29/1/2025 22:00,
BuildingB_696,29/1/2025 23:00,
BuildingB_697,30/1/2025 0:00,
BuildingB_698,30/1/2025 1:00,
BuildingB_699,30/1/2025 2:00,
BuildingB_700,30/1/2025 3:00,
BuildingB_701,30/1/2025 4:00,
BuildingB_702,30/1/2025 5:00,
BuildingB_703,30/1/2025 6:00,
BuildingB_704,30/1/2025 7:00,
BuildingB_705,30/1/2025 8:00,
BuildingB_706,30/1/2025 9:00,
BuildingB_707,30/1/2025 10:00,
BuildingB_708,30/1/2025 11:00,
BuildingB_709,30/1/2025 12:00,
BuildingB_710,30/1/2025 13:00,
BuildingB_711,30/1/2025 14:00,
BuildingB_712,30/1/2025 15:00,
BuildingB_713,30/1/2025 16:00,
BuildingB_714,30/1/2025 17:00,
BuildingB_715,30/1/2025 18:00,
BuildingB_716,30/1/2025 19:00,
BuildingB_717,30/1/2025 20:00,
BuildingB_718,30/1/2025 21:00,
BuildingB_719,30/1/2025 22:00,
BuildingB_720,30/1/2025 23:00,
