<?xml version="1.0" encoding="utf-8"?><?xml-stylesheet href="current.xsl" type="text/xsl" ?><rss version="2.0" xmlns:atom="http://www.w3.org/2005/Atom">
  <channel>
    <title>Current Weather</title>
    <link>
    https://www.weather.gov.hk/en/wxinfo/currwx/current.htm</link>
    <description>Current Weather</description>
    <language>en-us</language>
    <copyright>The content available in this file, including but
    not limited to all text, graphics, drawings, diagrams,
    photographs and compilation of data or other materials are
    protected by copyright. The Government of the Hong Kong Special
    Administrative Region is the owner of all copyright works
    contained in this website.</copyright>
    <image>
      <title>Current Weather</title>
      <link>https://www.weather.gov.hk/en/wxinfo/currwx/current.htm</link>
	  <url>https://rss.weather.gov.hk/img/hko_logo.gif</url>
      <width>80</width>
      <height>54</height>
    </image>
	<atom:link href="https://rss.weather.gov.hk/rss/CurrentWeather.xml" rel="self" type="application/rss+xml" />
    <item>
       <author>hkowm@hko.gov.hk (Hong Kong Observatory)</author>
	  <guid isPermaLink="false">
      http://rss.weather.gov.hk/rss/CurrentWeather/20240421163600</guid>
<pubDate>Sun, 21 Apr 2024 08:36:00 GMT</pubDate>      <title>Bulletin updated at 16:36 HKT 21/04/2024</title>
      <category>R</category>
      <link>
      https://www.weather.gov.hk/en/wxinfo/currwx/current.htm</link>
        <description>
        <![CDATA[
         <img src="https://rss.weather.gov.hk/img/pic63.png" style="vertical-align: middle;">        <p>At 
        4 p.m. 
               at the Hong Kong Observatory :<br/>
        Air temperature : 23 degrees Celsius<br/>
        Relative Humidity : 90 per cent<br/>
        During the past hour
        the mean UV Index recorded at King's Park : 0.5<br/>
        Intensity of UV radiation : low<br/>        		 										    									<br/>		Intense gusts reaching 80 kilometres per hour or above may continue to affect Hong Kong. Members of public should seek safe shelter as soon as possible.<br/>														<br/><font color="red"><SPAN id='warning_message' >Please be reminded that:<br/>The Thunderstorm Warning has been issued. It will remain effective until 7:00 p.m. today. Squally thunderstorms are expected to occur over Hong Kong.<br/></SPAN><br/>		</font>                The air temperatures at other places were:
                <br/>
                <font size="-1">
    <table border="0" cellspacing="0" cellpadding="0">
    <tr><td><font size="-1">Hong Kong Observatory</font></td><td width="100" align="right"><font size="-1">23 degrees ;</font></td></tr>
    <tr><td><font size="-1">King's Park</font></td><td width="100" align="right"><font size="-1">22 degrees ;</font></td></tr>
    <tr><td><font size="-1">Wong Chuk Hang</font></td><td width="100" align="right"><font size="-1">22 degrees ;</font></td></tr>
    <tr><td><font size="-1">Ta Kwu Ling</font></td><td width="100" align="right"><font size="-1">22 degrees ;</font></td></tr>
    <tr><td><font size="-1">Lau Fau Shan</font></td><td width="100" align="right"><font size="-1">22 degrees ;</font></td></tr>
    <tr><td><font size="-1">Tai Po</font></td><td width="100" align="right"><font size="-1">23 degrees ;</font></td></tr>
    <tr><td><font size="-1">Sha Tin</font></td><td width="100" align="right"><font size="-1">23 degrees ;</font></td></tr>
    <tr><td><font size="-1">Tuen Mun</font></td><td width="100" align="right"><font size="-1">23 degrees ;</font></td></tr>
    <tr><td><font size="-1">Tseung Kwan O</font></td><td width="100" align="right"><font size="-1">22 degrees ;</font></td></tr>
    <tr><td><font size="-1">Sai Kung</font></td><td width="100" align="right"><font size="-1">23 degrees ;</font></td></tr>
    <tr><td><font size="-1">Cheung Chau</font></td><td width="100" align="right"><font size="-1">22 degrees ;</font></td></tr>
    <tr><td><font size="-1">Chek Lap Kok</font></td><td width="100" align="right"><font size="-1">24 degrees ;</font></td></tr>
    <tr><td><font size="-1">Tsing Yi</font></td><td width="100" align="right"><font size="-1">22 degrees ;</font></td></tr>
    <tr><td><font size="-1">Shek Kong</font></td><td width="100" align="right"><font size="-1">23 degrees ;</font></td></tr>
    <tr><td><font size="-1">Tsuen Wan Ho Koon</font></td><td width="100" align="right"><font size="-1">21 degrees ;</font></td></tr>
    <tr><td><font size="-1">Tsuen Wan Shing Mun Valley</font></td><td width="100" align="right"><font size="-1">22 degrees ;</font></td></tr>
    <tr><td><font size="-1">Hong Kong Park</font></td><td width="100" align="right"><font size="-1">23 degrees ;</font></td></tr>
    <tr><td><font size="-1">Shau Kei Wan</font></td><td width="100" align="right"><font size="-1">22 degrees ;</font></td></tr>
    <tr><td><font size="-1">Kowloon City</font></td><td width="100" align="right"><font size="-1">22 degrees ;</font></td></tr>
    <tr><td><font size="-1">Happy Valley</font></td><td width="100" align="right"><font size="-1">23 degrees ;</font></td></tr>
    <tr><td><font size="-1">Wong Tai Sin</font></td><td width="100" align="right"><font size="-1">23 degrees ;</font></td></tr>
    <tr><td><font size="-1">Stanley</font></td><td width="100" align="right"><font size="-1">22 degrees ;</font></td></tr>
    <tr><td><font size="-1">Kwun Tong</font></td><td width="100" align="right"><font size="-1">22 degrees ;</font></td></tr>
    <tr><td><font size="-1">Sham Shui Po</font></td><td width="100" align="right"><font size="-1">23 degrees ;</font></td></tr>
    <tr><td><font size="-1">Kai Tak Runway Park</font></td><td width="100" align="right"><font size="-1">23 degrees ;</font></td></tr>
    <tr><td><font size="-1">Yuen Long Park</font></td><td width="100" align="right"><font size="-1">23 degrees ;</font></td></tr>
    <tr><td><font size="-1">Tai Mei Tuk</font></td><td width="100" align="right"><font size="-1">22 degrees .</font></td></tr>
    </table></font></p>
Between 2:45 and 3:45 p.m., the rainfall recorded in various regions were:<br/><br/>    <table border="0" cellspacing="0" cellpadding="0">
                <tr><td>Eastern District</td><td width="100" align="right">3 to 6&nbsp;mm;</td></tr>
            <tr><td>Kwun Tong</td><td width="100" align="right">3 to 4&nbsp;mm;</td></tr>
            <tr><td>Wan Chai</td><td width="100" align="right">3 to 4&nbsp;mm;</td></tr>
            <tr><td>Sai Kung</td><td width="100" align="right">2 to 6&nbsp;mm;</td></tr>
            <tr><td>Central & Western District</td><td width="100" align="right">2 to 5&nbsp;mm;</td></tr>
            <tr><td>Southern District</td><td width="100" align="right">2 to 5&nbsp;mm;</td></tr>
            <tr><td>Kowloon City</td><td width="100" align="right">2 to 4&nbsp;mm;</td></tr>
            <tr><td>Yau Tsim Mong</td><td width="100" align="right">2 to 3&nbsp;mm;</td></tr>
            <tr><td>Wong Tai Sin</td><td width="100" align="right">2&nbsp;mm;</td></tr>
            <tr><td>Islands District</td><td width="100" align="right">1 to 4&nbsp;mm;</td></tr>
            <tr><td>Kwai Tsing</td><td width="100" align="right">1 to 2&nbsp;mm;</td></tr>
            <tr><td>North District</td><td width="100" align="right">1 to 2&nbsp;mm;</td></tr>
            <tr><td>Sha Tin</td><td width="100" align="right">1 to 2&nbsp;mm;</td></tr>
            <tr><td>Sham Shui Po</td><td width="100" align="right">1 to 2&nbsp;mm;</td></tr>
            <tr><td>Yuen Long</td><td width="100" align="right">1 to 2&nbsp;mm;</td></tr>
            <tr><td>Tai Po</td><td width="100" align="right">0 to 5&nbsp;mm;</td></tr>
            <tr><td>Tsuen Wan</td><td width="100" align="right">0 to 2&nbsp;mm;</td></tr>
            <tr><td>Tuen Mun</td><td width="100" align="right">0 to 1&nbsp;mm.</td></tr>
        </table><br/>
        ]]>
        </description>
    </item>
  </channel>
</rss>